
Cell sky130_fd_sc_hd__tapvpwrvgnd_1 (0) disconnected node: VGND
Cell sky130_fd_sc_hd__tapvpwrvgnd_1 (0) disconnected node: VPWR
Cell sky130_fd_sc_hd__tapvpwrvgnd_1 (1) disconnected node: VGND
Cell sky130_fd_sc_hd__tapvpwrvgnd_1 (1) disconnected node: VPWR

Subcircuit pins:
Circuit 1: sky130_fd_sc_hd__tapvpwrvgnd_1  |Circuit 2: sky130_fd_sc_hd__tapvpwrvgnd_1  
-------------------------------------------|-------------------------------------------
VGND                                       |VGND                                       
VPWR                                       |VPWR                                       
---------------------------------------------------------------------------------------
Cell pin lists are equivalent.
Device classes sky130_fd_sc_hd__tapvpwrvgnd_1 and sky130_fd_sc_hd__tapvpwrvgnd_1 are equivalent.

Cell sky130_fd_sc_hd__fill_4 (0) disconnected node: VGND
Cell sky130_fd_sc_hd__fill_4 (0) disconnected node: VNB
Cell sky130_fd_sc_hd__fill_4 (0) disconnected node: VPB
Cell sky130_fd_sc_hd__fill_4 (0) disconnected node: VPWR
Cell sky130_fd_sc_hd__fill_4 (1) disconnected node: VGND
Cell sky130_fd_sc_hd__fill_4 (1) disconnected node: VNB
Cell sky130_fd_sc_hd__fill_4 (1) disconnected node: VPB
Cell sky130_fd_sc_hd__fill_4 (1) disconnected node: VPWR

Subcircuit pins:
Circuit 1: sky130_fd_sc_hd__fill_4         |Circuit 2: sky130_fd_sc_hd__fill_4         
-------------------------------------------|-------------------------------------------
VGND                                       |VGND                                       
VNB                                        |VNB                                        
VPB                                        |VPB                                        
VPWR                                       |VPWR                                       
---------------------------------------------------------------------------------------
Cell pin lists are equivalent.
Device classes sky130_fd_sc_hd__fill_4 and sky130_fd_sc_hd__fill_4 are equivalent.

Cell sky130_fd_sc_hd__fill_8 (0) disconnected node: VGND
Cell sky130_fd_sc_hd__fill_8 (0) disconnected node: VNB
Cell sky130_fd_sc_hd__fill_8 (0) disconnected node: VPB
Cell sky130_fd_sc_hd__fill_8 (0) disconnected node: VPWR
Cell sky130_fd_sc_hd__fill_8 (1) disconnected node: VGND
Cell sky130_fd_sc_hd__fill_8 (1) disconnected node: VNB
Cell sky130_fd_sc_hd__fill_8 (1) disconnected node: VPB
Cell sky130_fd_sc_hd__fill_8 (1) disconnected node: VPWR

Subcircuit pins:
Circuit 1: sky130_fd_sc_hd__fill_8         |Circuit 2: sky130_fd_sc_hd__fill_8         
-------------------------------------------|-------------------------------------------
VGND                                       |VGND                                       
VNB                                        |VNB                                        
VPB                                        |VPB                                        
VPWR                                       |VPWR                                       
---------------------------------------------------------------------------------------
Cell pin lists are equivalent.
Device classes sky130_fd_sc_hd__fill_8 and sky130_fd_sc_hd__fill_8 are equivalent.

Cell sky130_fd_sc_hd__fill_1 (0) disconnected node: VGND
Cell sky130_fd_sc_hd__fill_1 (0) disconnected node: VNB
Cell sky130_fd_sc_hd__fill_1 (0) disconnected node: VPB
Cell sky130_fd_sc_hd__fill_1 (0) disconnected node: VPWR
Cell sky130_fd_sc_hd__fill_1 (1) disconnected node: VGND
Cell sky130_fd_sc_hd__fill_1 (1) disconnected node: VNB
Cell sky130_fd_sc_hd__fill_1 (1) disconnected node: VPB
Cell sky130_fd_sc_hd__fill_1 (1) disconnected node: VPWR

Subcircuit pins:
Circuit 1: sky130_fd_sc_hd__fill_1         |Circuit 2: sky130_fd_sc_hd__fill_1         
-------------------------------------------|-------------------------------------------
VGND                                       |VGND                                       
VNB                                        |VNB                                        
VPB                                        |VPB                                        
VPWR                                       |VPWR                                       
---------------------------------------------------------------------------------------
Cell pin lists are equivalent.
Device classes sky130_fd_sc_hd__fill_1 and sky130_fd_sc_hd__fill_1 are equivalent.

Cell sky130_fd_sc_hd__xor2_2 (0) disconnected node: A
Cell sky130_fd_sc_hd__xor2_2 (0) disconnected node: B
Cell sky130_fd_sc_hd__xor2_2 (0) disconnected node: VGND
Cell sky130_fd_sc_hd__xor2_2 (0) disconnected node: VNB
Cell sky130_fd_sc_hd__xor2_2 (0) disconnected node: VPB
Cell sky130_fd_sc_hd__xor2_2 (0) disconnected node: VPWR
Cell sky130_fd_sc_hd__xor2_2 (0) disconnected node: X

Subcircuit pins:
Circuit 1: sky130_fd_sc_hd__xor2_2         |Circuit 2: sky130_fd_sc_hd__xor2_2         
-------------------------------------------|-------------------------------------------
A                                          |A                                          
B                                          |B                                          
VGND                                       |VGND                                       
VNB                                        |VNB                                        
VPB                                        |VPB                                        
VPWR                                       |VPWR                                       
X                                          |X                                          
---------------------------------------------------------------------------------------
Cell pin lists are equivalent.
Device classes sky130_fd_sc_hd__xor2_2 and sky130_fd_sc_hd__xor2_2 are equivalent.

Cell sky130_fd_sc_hd__buf_4 (0) disconnected node: A
Cell sky130_fd_sc_hd__buf_4 (0) disconnected node: VGND
Cell sky130_fd_sc_hd__buf_4 (0) disconnected node: VNB
Cell sky130_fd_sc_hd__buf_4 (0) disconnected node: VPB
Cell sky130_fd_sc_hd__buf_4 (0) disconnected node: VPWR
Cell sky130_fd_sc_hd__buf_4 (0) disconnected node: X

Subcircuit pins:
Circuit 1: sky130_fd_sc_hd__buf_4          |Circuit 2: sky130_fd_sc_hd__buf_4          
-------------------------------------------|-------------------------------------------
A                                          |A                                          
VGND                                       |VGND                                       
VNB                                        |VNB                                        
VPB                                        |VPB                                        
VPWR                                       |VPWR                                       
X                                          |X                                          
---------------------------------------------------------------------------------------
Cell pin lists are equivalent.
Device classes sky130_fd_sc_hd__buf_4 and sky130_fd_sc_hd__buf_4 are equivalent.

Cell sky130_fd_sc_hd__buf_2 (0) disconnected node: A
Cell sky130_fd_sc_hd__buf_2 (0) disconnected node: VGND
Cell sky130_fd_sc_hd__buf_2 (0) disconnected node: VNB
Cell sky130_fd_sc_hd__buf_2 (0) disconnected node: VPB
Cell sky130_fd_sc_hd__buf_2 (0) disconnected node: VPWR
Cell sky130_fd_sc_hd__buf_2 (0) disconnected node: X

Subcircuit pins:
Circuit 1: sky130_fd_sc_hd__buf_2          |Circuit 2: sky130_fd_sc_hd__buf_2          
-------------------------------------------|-------------------------------------------
A                                          |A                                          
VGND                                       |VGND                                       
VNB                                        |VNB                                        
VPB                                        |VPB                                        
VPWR                                       |VPWR                                       
X                                          |X                                          
---------------------------------------------------------------------------------------
Cell pin lists are equivalent.
Device classes sky130_fd_sc_hd__buf_2 and sky130_fd_sc_hd__buf_2 are equivalent.

Cell sky130_fd_sc_hd__fill_2 (0) disconnected node: VGND
Cell sky130_fd_sc_hd__fill_2 (0) disconnected node: VNB
Cell sky130_fd_sc_hd__fill_2 (0) disconnected node: VPB
Cell sky130_fd_sc_hd__fill_2 (0) disconnected node: VPWR
Cell sky130_fd_sc_hd__fill_2 (1) disconnected node: VGND
Cell sky130_fd_sc_hd__fill_2 (1) disconnected node: VNB
Cell sky130_fd_sc_hd__fill_2 (1) disconnected node: VPB
Cell sky130_fd_sc_hd__fill_2 (1) disconnected node: VPWR

Subcircuit pins:
Circuit 1: sky130_fd_sc_hd__fill_2         |Circuit 2: sky130_fd_sc_hd__fill_2         
-------------------------------------------|-------------------------------------------
VGND                                       |VGND                                       
VNB                                        |VNB                                        
VPB                                        |VPB                                        
VPWR                                       |VPWR                                       
---------------------------------------------------------------------------------------
Cell pin lists are equivalent.
Device classes sky130_fd_sc_hd__fill_2 and sky130_fd_sc_hd__fill_2 are equivalent.

Cell sky130_fd_sc_hd__nor2_2 (0) disconnected node: A
Cell sky130_fd_sc_hd__nor2_2 (0) disconnected node: B
Cell sky130_fd_sc_hd__nor2_2 (0) disconnected node: VGND
Cell sky130_fd_sc_hd__nor2_2 (0) disconnected node: VNB
Cell sky130_fd_sc_hd__nor2_2 (0) disconnected node: VPB
Cell sky130_fd_sc_hd__nor2_2 (0) disconnected node: VPWR
Cell sky130_fd_sc_hd__nor2_2 (0) disconnected node: Y

Subcircuit pins:
Circuit 1: sky130_fd_sc_hd__nor2_2         |Circuit 2: sky130_fd_sc_hd__nor2_2         
-------------------------------------------|-------------------------------------------
A                                          |A                                          
B                                          |B                                          
VGND                                       |VGND                                       
VNB                                        |VNB                                        
VPB                                        |VPB                                        
VPWR                                       |VPWR                                       
Y                                          |Y                                          
---------------------------------------------------------------------------------------
Cell pin lists are equivalent.
Device classes sky130_fd_sc_hd__nor2_2 and sky130_fd_sc_hd__nor2_2 are equivalent.

Cell sky130_fd_sc_hd__a21oi_2 (0) disconnected node: A1
Cell sky130_fd_sc_hd__a21oi_2 (0) disconnected node: A2
Cell sky130_fd_sc_hd__a21oi_2 (0) disconnected node: B1
Cell sky130_fd_sc_hd__a21oi_2 (0) disconnected node: VGND
Cell sky130_fd_sc_hd__a21oi_2 (0) disconnected node: VNB
Cell sky130_fd_sc_hd__a21oi_2 (0) disconnected node: VPB
Cell sky130_fd_sc_hd__a21oi_2 (0) disconnected node: VPWR
Cell sky130_fd_sc_hd__a21oi_2 (0) disconnected node: Y

Subcircuit pins:
Circuit 1: sky130_fd_sc_hd__a21oi_2        |Circuit 2: sky130_fd_sc_hd__a21oi_2        
-------------------------------------------|-------------------------------------------
A1                                         |A1                                         
A2                                         |A2                                         
B1                                         |B1                                         
VGND                                       |VGND                                       
VNB                                        |VNB                                        
VPB                                        |VPB                                        
VPWR                                       |VPWR                                       
Y                                          |Y                                          
---------------------------------------------------------------------------------------
Cell pin lists are equivalent.
Device classes sky130_fd_sc_hd__a21oi_2 and sky130_fd_sc_hd__a21oi_2 are equivalent.

Cell sky130_fd_sc_hd__buf_1 (0) disconnected node: A
Cell sky130_fd_sc_hd__buf_1 (0) disconnected node: VGND
Cell sky130_fd_sc_hd__buf_1 (0) disconnected node: VNB
Cell sky130_fd_sc_hd__buf_1 (0) disconnected node: VPB
Cell sky130_fd_sc_hd__buf_1 (0) disconnected node: VPWR
Cell sky130_fd_sc_hd__buf_1 (0) disconnected node: X

Subcircuit pins:
Circuit 1: sky130_fd_sc_hd__buf_1          |Circuit 2: sky130_fd_sc_hd__buf_1          
-------------------------------------------|-------------------------------------------
A                                          |A                                          
VGND                                       |VGND                                       
VNB                                        |VNB                                        
VPB                                        |VPB                                        
VPWR                                       |VPWR                                       
X                                          |X                                          
---------------------------------------------------------------------------------------
Cell pin lists are equivalent.
Device classes sky130_fd_sc_hd__buf_1 and sky130_fd_sc_hd__buf_1 are equivalent.

Cell sky130_fd_sc_hd__o22a_2 (0) disconnected node: A1
Cell sky130_fd_sc_hd__o22a_2 (0) disconnected node: A2
Cell sky130_fd_sc_hd__o22a_2 (0) disconnected node: B1
Cell sky130_fd_sc_hd__o22a_2 (0) disconnected node: B2
Cell sky130_fd_sc_hd__o22a_2 (0) disconnected node: VGND
Cell sky130_fd_sc_hd__o22a_2 (0) disconnected node: VNB
Cell sky130_fd_sc_hd__o22a_2 (0) disconnected node: VPB
Cell sky130_fd_sc_hd__o22a_2 (0) disconnected node: VPWR
Cell sky130_fd_sc_hd__o22a_2 (0) disconnected node: X

Subcircuit pins:
Circuit 1: sky130_fd_sc_hd__o22a_2         |Circuit 2: sky130_fd_sc_hd__o22a_2         
-------------------------------------------|-------------------------------------------
A1                                         |A1                                         
A2                                         |A2                                         
B1                                         |B1                                         
B2                                         |B2                                         
VGND                                       |VGND                                       
VNB                                        |VNB                                        
VPB                                        |VPB                                        
VPWR                                       |VPWR                                       
X                                          |X                                          
---------------------------------------------------------------------------------------
Cell pin lists are equivalent.
Device classes sky130_fd_sc_hd__o22a_2 and sky130_fd_sc_hd__o22a_2 are equivalent.

Cell sky130_fd_sc_hd__o21a_2 (0) disconnected node: A1
Cell sky130_fd_sc_hd__o21a_2 (0) disconnected node: A2
Cell sky130_fd_sc_hd__o21a_2 (0) disconnected node: B1
Cell sky130_fd_sc_hd__o21a_2 (0) disconnected node: VGND
Cell sky130_fd_sc_hd__o21a_2 (0) disconnected node: VNB
Cell sky130_fd_sc_hd__o21a_2 (0) disconnected node: VPB
Cell sky130_fd_sc_hd__o21a_2 (0) disconnected node: VPWR
Cell sky130_fd_sc_hd__o21a_2 (0) disconnected node: X

Subcircuit pins:
Circuit 1: sky130_fd_sc_hd__o21a_2         |Circuit 2: sky130_fd_sc_hd__o21a_2         
-------------------------------------------|-------------------------------------------
A1                                         |A1                                         
A2                                         |A2                                         
B1                                         |B1                                         
VGND                                       |VGND                                       
VNB                                        |VNB                                        
VPB                                        |VPB                                        
VPWR                                       |VPWR                                       
X                                          |X                                          
---------------------------------------------------------------------------------------
Cell pin lists are equivalent.
Device classes sky130_fd_sc_hd__o21a_2 and sky130_fd_sc_hd__o21a_2 are equivalent.

Cell sky130_fd_sc_hd__and4_2 (0) disconnected node: A
Cell sky130_fd_sc_hd__and4_2 (0) disconnected node: B
Cell sky130_fd_sc_hd__and4_2 (0) disconnected node: C
Cell sky130_fd_sc_hd__and4_2 (0) disconnected node: D
Cell sky130_fd_sc_hd__and4_2 (0) disconnected node: VGND
Cell sky130_fd_sc_hd__and4_2 (0) disconnected node: VNB
Cell sky130_fd_sc_hd__and4_2 (0) disconnected node: VPB
Cell sky130_fd_sc_hd__and4_2 (0) disconnected node: VPWR
Cell sky130_fd_sc_hd__and4_2 (0) disconnected node: X

Subcircuit pins:
Circuit 1: sky130_fd_sc_hd__and4_2         |Circuit 2: sky130_fd_sc_hd__and4_2         
-------------------------------------------|-------------------------------------------
A                                          |A                                          
B                                          |B                                          
C                                          |C                                          
D                                          |D                                          
VGND                                       |VGND                                       
VNB                                        |VNB                                        
VPB                                        |VPB                                        
VPWR                                       |VPWR                                       
X                                          |X                                          
---------------------------------------------------------------------------------------
Cell pin lists are equivalent.
Device classes sky130_fd_sc_hd__and4_2 and sky130_fd_sc_hd__and4_2 are equivalent.

Cell sky130_fd_sc_hd__inv_2 (0) disconnected node: A
Cell sky130_fd_sc_hd__inv_2 (0) disconnected node: VGND
Cell sky130_fd_sc_hd__inv_2 (0) disconnected node: VNB
Cell sky130_fd_sc_hd__inv_2 (0) disconnected node: VPB
Cell sky130_fd_sc_hd__inv_2 (0) disconnected node: VPWR
Cell sky130_fd_sc_hd__inv_2 (0) disconnected node: Y

Subcircuit pins:
Circuit 1: sky130_fd_sc_hd__inv_2          |Circuit 2: sky130_fd_sc_hd__inv_2          
-------------------------------------------|-------------------------------------------
A                                          |A                                          
VGND                                       |VGND                                       
VNB                                        |VNB                                        
VPB                                        |VPB                                        
VPWR                                       |VPWR                                       
Y                                          |Y                                          
---------------------------------------------------------------------------------------
Cell pin lists are equivalent.
Device classes sky130_fd_sc_hd__inv_2 and sky130_fd_sc_hd__inv_2 are equivalent.

Cell sky130_fd_sc_hd__o31a_2 (0) disconnected node: A1
Cell sky130_fd_sc_hd__o31a_2 (0) disconnected node: A2
Cell sky130_fd_sc_hd__o31a_2 (0) disconnected node: A3
Cell sky130_fd_sc_hd__o31a_2 (0) disconnected node: B1
Cell sky130_fd_sc_hd__o31a_2 (0) disconnected node: VGND
Cell sky130_fd_sc_hd__o31a_2 (0) disconnected node: VNB
Cell sky130_fd_sc_hd__o31a_2 (0) disconnected node: VPB
Cell sky130_fd_sc_hd__o31a_2 (0) disconnected node: VPWR
Cell sky130_fd_sc_hd__o31a_2 (0) disconnected node: X

Subcircuit pins:
Circuit 1: sky130_fd_sc_hd__o31a_2         |Circuit 2: sky130_fd_sc_hd__o31a_2         
-------------------------------------------|-------------------------------------------
A1                                         |A1                                         
A2                                         |A2                                         
A3                                         |A3                                         
B1                                         |B1                                         
VGND                                       |VGND                                       
VNB                                        |VNB                                        
VPB                                        |VPB                                        
VPWR                                       |VPWR                                       
X                                          |X                                          
---------------------------------------------------------------------------------------
Cell pin lists are equivalent.
Device classes sky130_fd_sc_hd__o31a_2 and sky130_fd_sc_hd__o31a_2 are equivalent.

Cell sky130_fd_sc_hd__o311a_2 (0) disconnected node: A1
Cell sky130_fd_sc_hd__o311a_2 (0) disconnected node: A2
Cell sky130_fd_sc_hd__o311a_2 (0) disconnected node: A3
Cell sky130_fd_sc_hd__o311a_2 (0) disconnected node: B1
Cell sky130_fd_sc_hd__o311a_2 (0) disconnected node: C1
Cell sky130_fd_sc_hd__o311a_2 (0) disconnected node: VGND
Cell sky130_fd_sc_hd__o311a_2 (0) disconnected node: VNB
Cell sky130_fd_sc_hd__o311a_2 (0) disconnected node: VPB
Cell sky130_fd_sc_hd__o311a_2 (0) disconnected node: VPWR
Cell sky130_fd_sc_hd__o311a_2 (0) disconnected node: X

Subcircuit pins:
Circuit 1: sky130_fd_sc_hd__o311a_2        |Circuit 2: sky130_fd_sc_hd__o311a_2        
-------------------------------------------|-------------------------------------------
A1                                         |A1                                         
A2                                         |A2                                         
A3                                         |A3                                         
B1                                         |B1                                         
C1                                         |C1                                         
VGND                                       |VGND                                       
VNB                                        |VNB                                        
VPB                                        |VPB                                        
VPWR                                       |VPWR                                       
X                                          |X                                          
---------------------------------------------------------------------------------------
Cell pin lists are equivalent.
Device classes sky130_fd_sc_hd__o311a_2 and sky130_fd_sc_hd__o311a_2 are equivalent.

Cell sky130_fd_sc_hd__and3_2 (0) disconnected node: A
Cell sky130_fd_sc_hd__and3_2 (0) disconnected node: B
Cell sky130_fd_sc_hd__and3_2 (0) disconnected node: C
Cell sky130_fd_sc_hd__and3_2 (0) disconnected node: VGND
Cell sky130_fd_sc_hd__and3_2 (0) disconnected node: VNB
Cell sky130_fd_sc_hd__and3_2 (0) disconnected node: VPB
Cell sky130_fd_sc_hd__and3_2 (0) disconnected node: VPWR
Cell sky130_fd_sc_hd__and3_2 (0) disconnected node: X

Subcircuit pins:
Circuit 1: sky130_fd_sc_hd__and3_2         |Circuit 2: sky130_fd_sc_hd__and3_2         
-------------------------------------------|-------------------------------------------
A                                          |A                                          
B                                          |B                                          
C                                          |C                                          
VGND                                       |VGND                                       
VNB                                        |VNB                                        
VPB                                        |VPB                                        
VPWR                                       |VPWR                                       
X                                          |X                                          
---------------------------------------------------------------------------------------
Cell pin lists are equivalent.
Device classes sky130_fd_sc_hd__and3_2 and sky130_fd_sc_hd__and3_2 are equivalent.

Cell sky130_fd_sc_hd__dfrtp_1 (0) disconnected node: CLK
Cell sky130_fd_sc_hd__dfrtp_1 (0) disconnected node: D
Cell sky130_fd_sc_hd__dfrtp_1 (0) disconnected node: RESET_B
Cell sky130_fd_sc_hd__dfrtp_1 (0) disconnected node: VGND
Cell sky130_fd_sc_hd__dfrtp_1 (0) disconnected node: VNB
Cell sky130_fd_sc_hd__dfrtp_1 (0) disconnected node: VPB
Cell sky130_fd_sc_hd__dfrtp_1 (0) disconnected node: VPWR
Cell sky130_fd_sc_hd__dfrtp_1 (0) disconnected node: Q

Subcircuit pins:
Circuit 1: sky130_fd_sc_hd__dfrtp_1        |Circuit 2: sky130_fd_sc_hd__dfrtp_1        
-------------------------------------------|-------------------------------------------
CLK                                        |CLK                                        
D                                          |D                                          
RESET_B                                    |RESET_B                                    
VGND                                       |VGND                                       
VNB                                        |VNB                                        
VPB                                        |VPB                                        
VPWR                                       |VPWR                                       
Q                                          |Q                                          
---------------------------------------------------------------------------------------
Cell pin lists are equivalent.
Device classes sky130_fd_sc_hd__dfrtp_1 and sky130_fd_sc_hd__dfrtp_1 are equivalent.

Cell sky130_fd_sc_hd__fa_1 (0) disconnected node: A
Cell sky130_fd_sc_hd__fa_1 (0) disconnected node: B
Cell sky130_fd_sc_hd__fa_1 (0) disconnected node: CIN
Cell sky130_fd_sc_hd__fa_1 (0) disconnected node: VGND
Cell sky130_fd_sc_hd__fa_1 (0) disconnected node: VNB
Cell sky130_fd_sc_hd__fa_1 (0) disconnected node: VPB
Cell sky130_fd_sc_hd__fa_1 (0) disconnected node: VPWR
Cell sky130_fd_sc_hd__fa_1 (0) disconnected node: COUT
Cell sky130_fd_sc_hd__fa_1 (0) disconnected node: SUM

Subcircuit pins:
Circuit 1: sky130_fd_sc_hd__fa_1           |Circuit 2: sky130_fd_sc_hd__fa_1           
-------------------------------------------|-------------------------------------------
A                                          |A                                          
B                                          |B                                          
CIN                                        |CIN                                        
VGND                                       |VGND                                       
VNB                                        |VNB                                        
VPB                                        |VPB                                        
VPWR                                       |VPWR                                       
COUT                                       |COUT                                       
SUM                                        |SUM                                        
---------------------------------------------------------------------------------------
Cell pin lists are equivalent.
Device classes sky130_fd_sc_hd__fa_1 and sky130_fd_sc_hd__fa_1 are equivalent.

Cell sky130_fd_sc_hd__mux2_1 (0) disconnected node: A0
Cell sky130_fd_sc_hd__mux2_1 (0) disconnected node: A1
Cell sky130_fd_sc_hd__mux2_1 (0) disconnected node: S
Cell sky130_fd_sc_hd__mux2_1 (0) disconnected node: VGND
Cell sky130_fd_sc_hd__mux2_1 (0) disconnected node: VNB
Cell sky130_fd_sc_hd__mux2_1 (0) disconnected node: VPB
Cell sky130_fd_sc_hd__mux2_1 (0) disconnected node: VPWR
Cell sky130_fd_sc_hd__mux2_1 (0) disconnected node: X

Subcircuit pins:
Circuit 1: sky130_fd_sc_hd__mux2_1         |Circuit 2: sky130_fd_sc_hd__mux2_1         
-------------------------------------------|-------------------------------------------
A0                                         |A0                                         
A1                                         |A1                                         
S                                          |S                                          
VGND                                       |VGND                                       
VNB                                        |VNB                                        
VPB                                        |VPB                                        
VPWR                                       |VPWR                                       
X                                          |X                                          
---------------------------------------------------------------------------------------
Cell pin lists are equivalent.
Device classes sky130_fd_sc_hd__mux2_1 and sky130_fd_sc_hd__mux2_1 are equivalent.

Cell sky130_fd_sc_hd__a21o_2 (0) disconnected node: A1
Cell sky130_fd_sc_hd__a21o_2 (0) disconnected node: A2
Cell sky130_fd_sc_hd__a21o_2 (0) disconnected node: B1
Cell sky130_fd_sc_hd__a21o_2 (0) disconnected node: VGND
Cell sky130_fd_sc_hd__a21o_2 (0) disconnected node: VNB
Cell sky130_fd_sc_hd__a21o_2 (0) disconnected node: VPB
Cell sky130_fd_sc_hd__a21o_2 (0) disconnected node: VPWR
Cell sky130_fd_sc_hd__a21o_2 (0) disconnected node: X

Subcircuit pins:
Circuit 1: sky130_fd_sc_hd__a21o_2         |Circuit 2: sky130_fd_sc_hd__a21o_2         
-------------------------------------------|-------------------------------------------
A1                                         |A1                                         
A2                                         |A2                                         
B1                                         |B1                                         
VGND                                       |VGND                                       
VNB                                        |VNB                                        
VPB                                        |VPB                                        
VPWR                                       |VPWR                                       
X                                          |X                                          
---------------------------------------------------------------------------------------
Cell pin lists are equivalent.
Device classes sky130_fd_sc_hd__a21o_2 and sky130_fd_sc_hd__a21o_2 are equivalent.

Cell sky130_fd_sc_hd__or2_2 (0) disconnected node: A
Cell sky130_fd_sc_hd__or2_2 (0) disconnected node: B
Cell sky130_fd_sc_hd__or2_2 (0) disconnected node: VGND
Cell sky130_fd_sc_hd__or2_2 (0) disconnected node: VNB
Cell sky130_fd_sc_hd__or2_2 (0) disconnected node: VPB
Cell sky130_fd_sc_hd__or2_2 (0) disconnected node: VPWR
Cell sky130_fd_sc_hd__or2_2 (0) disconnected node: X

Subcircuit pins:
Circuit 1: sky130_fd_sc_hd__or2_2          |Circuit 2: sky130_fd_sc_hd__or2_2          
-------------------------------------------|-------------------------------------------
A                                          |A                                          
B                                          |B                                          
VGND                                       |VGND                                       
VNB                                        |VNB                                        
VPB                                        |VPB                                        
VPWR                                       |VPWR                                       
X                                          |X                                          
---------------------------------------------------------------------------------------
Cell pin lists are equivalent.
Device classes sky130_fd_sc_hd__or2_2 and sky130_fd_sc_hd__or2_2 are equivalent.

Cell sky130_fd_sc_hd__a22oi_2 (0) disconnected node: A1
Cell sky130_fd_sc_hd__a22oi_2 (0) disconnected node: A2
Cell sky130_fd_sc_hd__a22oi_2 (0) disconnected node: B1
Cell sky130_fd_sc_hd__a22oi_2 (0) disconnected node: B2
Cell sky130_fd_sc_hd__a22oi_2 (0) disconnected node: VGND
Cell sky130_fd_sc_hd__a22oi_2 (0) disconnected node: VNB
Cell sky130_fd_sc_hd__a22oi_2 (0) disconnected node: VPB
Cell sky130_fd_sc_hd__a22oi_2 (0) disconnected node: VPWR
Cell sky130_fd_sc_hd__a22oi_2 (0) disconnected node: Y

Subcircuit pins:
Circuit 1: sky130_fd_sc_hd__a22oi_2        |Circuit 2: sky130_fd_sc_hd__a22oi_2        
-------------------------------------------|-------------------------------------------
A1                                         |A1                                         
A2                                         |A2                                         
B1                                         |B1                                         
B2                                         |B2                                         
VGND                                       |VGND                                       
VNB                                        |VNB                                        
VPB                                        |VPB                                        
VPWR                                       |VPWR                                       
Y                                          |Y                                          
---------------------------------------------------------------------------------------
Cell pin lists are equivalent.
Device classes sky130_fd_sc_hd__a22oi_2 and sky130_fd_sc_hd__a22oi_2 are equivalent.

Cell sky130_fd_sc_hd__and2_2 (0) disconnected node: A
Cell sky130_fd_sc_hd__and2_2 (0) disconnected node: B
Cell sky130_fd_sc_hd__and2_2 (0) disconnected node: VGND
Cell sky130_fd_sc_hd__and2_2 (0) disconnected node: VNB
Cell sky130_fd_sc_hd__and2_2 (0) disconnected node: VPB
Cell sky130_fd_sc_hd__and2_2 (0) disconnected node: VPWR
Cell sky130_fd_sc_hd__and2_2 (0) disconnected node: X

Subcircuit pins:
Circuit 1: sky130_fd_sc_hd__and2_2         |Circuit 2: sky130_fd_sc_hd__and2_2         
-------------------------------------------|-------------------------------------------
A                                          |A                                          
B                                          |B                                          
VGND                                       |VGND                                       
VNB                                        |VNB                                        
VPB                                        |VPB                                        
VPWR                                       |VPWR                                       
X                                          |X                                          
---------------------------------------------------------------------------------------
Cell pin lists are equivalent.
Device classes sky130_fd_sc_hd__and2_2 and sky130_fd_sc_hd__and2_2 are equivalent.

Cell sky130_fd_sc_hd__mux4_1 (0) disconnected node: A0
Cell sky130_fd_sc_hd__mux4_1 (0) disconnected node: A1
Cell sky130_fd_sc_hd__mux4_1 (0) disconnected node: A2
Cell sky130_fd_sc_hd__mux4_1 (0) disconnected node: A3
Cell sky130_fd_sc_hd__mux4_1 (0) disconnected node: S0
Cell sky130_fd_sc_hd__mux4_1 (0) disconnected node: S1
Cell sky130_fd_sc_hd__mux4_1 (0) disconnected node: VGND
Cell sky130_fd_sc_hd__mux4_1 (0) disconnected node: VNB
Cell sky130_fd_sc_hd__mux4_1 (0) disconnected node: VPB
Cell sky130_fd_sc_hd__mux4_1 (0) disconnected node: VPWR
Cell sky130_fd_sc_hd__mux4_1 (0) disconnected node: X

Subcircuit pins:
Circuit 1: sky130_fd_sc_hd__mux4_1         |Circuit 2: sky130_fd_sc_hd__mux4_1         
-------------------------------------------|-------------------------------------------
A0                                         |A0                                         
A1                                         |A1                                         
A2                                         |A2                                         
A3                                         |A3                                         
S0                                         |S0                                         
S1                                         |S1                                         
VGND                                       |VGND                                       
VNB                                        |VNB                                        
VPB                                        |VPB                                        
VPWR                                       |VPWR                                       
X                                          |X                                          
---------------------------------------------------------------------------------------
Cell pin lists are equivalent.
Device classes sky130_fd_sc_hd__mux4_1 and sky130_fd_sc_hd__mux4_1 are equivalent.

Cell sky130_fd_sc_hd__xnor2_2 (0) disconnected node: A
Cell sky130_fd_sc_hd__xnor2_2 (0) disconnected node: B
Cell sky130_fd_sc_hd__xnor2_2 (0) disconnected node: VGND
Cell sky130_fd_sc_hd__xnor2_2 (0) disconnected node: VNB
Cell sky130_fd_sc_hd__xnor2_2 (0) disconnected node: VPB
Cell sky130_fd_sc_hd__xnor2_2 (0) disconnected node: VPWR
Cell sky130_fd_sc_hd__xnor2_2 (0) disconnected node: Y

Subcircuit pins:
Circuit 1: sky130_fd_sc_hd__xnor2_2        |Circuit 2: sky130_fd_sc_hd__xnor2_2        
-------------------------------------------|-------------------------------------------
A                                          |A                                          
B                                          |B                                          
VGND                                       |VGND                                       
VNB                                        |VNB                                        
VPB                                        |VPB                                        
VPWR                                       |VPWR                                       
Y                                          |Y                                          
---------------------------------------------------------------------------------------
Cell pin lists are equivalent.
Device classes sky130_fd_sc_hd__xnor2_2 and sky130_fd_sc_hd__xnor2_2 are equivalent.

Cell sky130_fd_sc_hd__mux2_4 (0) disconnected node: A0
Cell sky130_fd_sc_hd__mux2_4 (0) disconnected node: A1
Cell sky130_fd_sc_hd__mux2_4 (0) disconnected node: S
Cell sky130_fd_sc_hd__mux2_4 (0) disconnected node: VGND
Cell sky130_fd_sc_hd__mux2_4 (0) disconnected node: VNB
Cell sky130_fd_sc_hd__mux2_4 (0) disconnected node: VPB
Cell sky130_fd_sc_hd__mux2_4 (0) disconnected node: VPWR
Cell sky130_fd_sc_hd__mux2_4 (0) disconnected node: X

Subcircuit pins:
Circuit 1: sky130_fd_sc_hd__mux2_4         |Circuit 2: sky130_fd_sc_hd__mux2_4         
-------------------------------------------|-------------------------------------------
A0                                         |A0                                         
A1                                         |A1                                         
S                                          |S                                          
VGND                                       |VGND                                       
VNB                                        |VNB                                        
VPB                                        |VPB                                        
VPWR                                       |VPWR                                       
X                                          |X                                          
---------------------------------------------------------------------------------------
Cell pin lists are equivalent.
Device classes sky130_fd_sc_hd__mux2_4 and sky130_fd_sc_hd__mux2_4 are equivalent.

Cell sky130_fd_sc_hd__o221a_4 (0) disconnected node: A1
Cell sky130_fd_sc_hd__o221a_4 (0) disconnected node: A2
Cell sky130_fd_sc_hd__o221a_4 (0) disconnected node: B1
Cell sky130_fd_sc_hd__o221a_4 (0) disconnected node: B2
Cell sky130_fd_sc_hd__o221a_4 (0) disconnected node: C1
Cell sky130_fd_sc_hd__o221a_4 (0) disconnected node: VGND
Cell sky130_fd_sc_hd__o221a_4 (0) disconnected node: VNB
Cell sky130_fd_sc_hd__o221a_4 (0) disconnected node: VPB
Cell sky130_fd_sc_hd__o221a_4 (0) disconnected node: VPWR
Cell sky130_fd_sc_hd__o221a_4 (0) disconnected node: X

Subcircuit pins:
Circuit 1: sky130_fd_sc_hd__o221a_4        |Circuit 2: sky130_fd_sc_hd__o221a_4        
-------------------------------------------|-------------------------------------------
A1                                         |A1                                         
A2                                         |A2                                         
B1                                         |B1                                         
B2                                         |B2                                         
C1                                         |C1                                         
VGND                                       |VGND                                       
VNB                                        |VNB                                        
VPB                                        |VPB                                        
VPWR                                       |VPWR                                       
X                                          |X                                          
---------------------------------------------------------------------------------------
Cell pin lists are equivalent.
Device classes sky130_fd_sc_hd__o221a_4 and sky130_fd_sc_hd__o221a_4 are equivalent.

Cell sky130_fd_sc_hd__buf_6 (0) disconnected node: A
Cell sky130_fd_sc_hd__buf_6 (0) disconnected node: VGND
Cell sky130_fd_sc_hd__buf_6 (0) disconnected node: VNB
Cell sky130_fd_sc_hd__buf_6 (0) disconnected node: VPB
Cell sky130_fd_sc_hd__buf_6 (0) disconnected node: VPWR
Cell sky130_fd_sc_hd__buf_6 (0) disconnected node: X

Subcircuit pins:
Circuit 1: sky130_fd_sc_hd__buf_6          |Circuit 2: sky130_fd_sc_hd__buf_6          
-------------------------------------------|-------------------------------------------
A                                          |A                                          
VGND                                       |VGND                                       
VNB                                        |VNB                                        
VPB                                        |VPB                                        
VPWR                                       |VPWR                                       
X                                          |X                                          
---------------------------------------------------------------------------------------
Cell pin lists are equivalent.
Device classes sky130_fd_sc_hd__buf_6 and sky130_fd_sc_hd__buf_6 are equivalent.

Cell sky130_fd_sc_hd__buf_8 (0) disconnected node: A
Cell sky130_fd_sc_hd__buf_8 (0) disconnected node: VGND
Cell sky130_fd_sc_hd__buf_8 (0) disconnected node: VNB
Cell sky130_fd_sc_hd__buf_8 (0) disconnected node: VPB
Cell sky130_fd_sc_hd__buf_8 (0) disconnected node: VPWR
Cell sky130_fd_sc_hd__buf_8 (0) disconnected node: X

Subcircuit pins:
Circuit 1: sky130_fd_sc_hd__buf_8          |Circuit 2: sky130_fd_sc_hd__buf_8          
-------------------------------------------|-------------------------------------------
A                                          |A                                          
VGND                                       |VGND                                       
VNB                                        |VNB                                        
VPB                                        |VPB                                        
VPWR                                       |VPWR                                       
X                                          |X                                          
---------------------------------------------------------------------------------------
Cell pin lists are equivalent.
Device classes sky130_fd_sc_hd__buf_8 and sky130_fd_sc_hd__buf_8 are equivalent.

Cell sky130_fd_sc_hd__mux2_2 (0) disconnected node: A0
Cell sky130_fd_sc_hd__mux2_2 (0) disconnected node: A1
Cell sky130_fd_sc_hd__mux2_2 (0) disconnected node: S
Cell sky130_fd_sc_hd__mux2_2 (0) disconnected node: VGND
Cell sky130_fd_sc_hd__mux2_2 (0) disconnected node: VNB
Cell sky130_fd_sc_hd__mux2_2 (0) disconnected node: VPB
Cell sky130_fd_sc_hd__mux2_2 (0) disconnected node: VPWR
Cell sky130_fd_sc_hd__mux2_2 (0) disconnected node: X

Subcircuit pins:
Circuit 1: sky130_fd_sc_hd__mux2_2         |Circuit 2: sky130_fd_sc_hd__mux2_2         
-------------------------------------------|-------------------------------------------
A0                                         |A0                                         
A1                                         |A1                                         
S                                          |S                                          
VGND                                       |VGND                                       
VNB                                        |VNB                                        
VPB                                        |VPB                                        
VPWR                                       |VPWR                                       
X                                          |X                                          
---------------------------------------------------------------------------------------
Cell pin lists are equivalent.
Device classes sky130_fd_sc_hd__mux2_2 and sky130_fd_sc_hd__mux2_2 are equivalent.

Cell sky130_fd_sc_hd__diode_2 (0) disconnected node: DIODE
Cell sky130_fd_sc_hd__diode_2 (0) disconnected node: VGND
Cell sky130_fd_sc_hd__diode_2 (0) disconnected node: VNB
Cell sky130_fd_sc_hd__diode_2 (0) disconnected node: VPB
Cell sky130_fd_sc_hd__diode_2 (0) disconnected node: VPWR
Cell sky130_fd_sc_hd__diode_2 (1) disconnected node: VGND
Cell sky130_fd_sc_hd__diode_2 (1) disconnected node: VPB
Cell sky130_fd_sc_hd__diode_2 (1) disconnected node: VPWR

Subcircuit pins:
Circuit 1: sky130_fd_sc_hd__diode_2        |Circuit 2: sky130_fd_sc_hd__diode_2        
-------------------------------------------|-------------------------------------------
DIODE                                      |DIODE                                      
VGND                                       |VGND                                       
VNB                                        |VNB                                        
VPB                                        |VPB                                        
VPWR                                       |VPWR                                       
---------------------------------------------------------------------------------------
Cell pin lists are equivalent.
Device classes sky130_fd_sc_hd__diode_2 and sky130_fd_sc_hd__diode_2 are equivalent.

Cell sky130_fd_sc_hd__buf_12 (0) disconnected node: A
Cell sky130_fd_sc_hd__buf_12 (0) disconnected node: VGND
Cell sky130_fd_sc_hd__buf_12 (0) disconnected node: VNB
Cell sky130_fd_sc_hd__buf_12 (0) disconnected node: VPB
Cell sky130_fd_sc_hd__buf_12 (0) disconnected node: VPWR
Cell sky130_fd_sc_hd__buf_12 (0) disconnected node: X

Subcircuit pins:
Circuit 1: sky130_fd_sc_hd__buf_12         |Circuit 2: sky130_fd_sc_hd__buf_12         
-------------------------------------------|-------------------------------------------
A                                          |A                                          
VGND                                       |VGND                                       
VNB                                        |VNB                                        
VPB                                        |VPB                                        
VPWR                                       |VPWR                                       
X                                          |X                                          
---------------------------------------------------------------------------------------
Cell pin lists are equivalent.
Device classes sky130_fd_sc_hd__buf_12 and sky130_fd_sc_hd__buf_12 are equivalent.

Cell sky130_fd_sc_hd__dfxtp_1 (0) disconnected node: CLK
Cell sky130_fd_sc_hd__dfxtp_1 (0) disconnected node: D
Cell sky130_fd_sc_hd__dfxtp_1 (0) disconnected node: VGND
Cell sky130_fd_sc_hd__dfxtp_1 (0) disconnected node: VNB
Cell sky130_fd_sc_hd__dfxtp_1 (0) disconnected node: VPB
Cell sky130_fd_sc_hd__dfxtp_1 (0) disconnected node: VPWR
Cell sky130_fd_sc_hd__dfxtp_1 (0) disconnected node: Q

Subcircuit pins:
Circuit 1: sky130_fd_sc_hd__dfxtp_1        |Circuit 2: sky130_fd_sc_hd__dfxtp_1        
-------------------------------------------|-------------------------------------------
CLK                                        |CLK                                        
D                                          |D                                          
VGND                                       |VGND                                       
VNB                                        |VNB                                        
VPB                                        |VPB                                        
VPWR                                       |VPWR                                       
Q                                          |Q                                          
---------------------------------------------------------------------------------------
Cell pin lists are equivalent.
Device classes sky130_fd_sc_hd__dfxtp_1 and sky130_fd_sc_hd__dfxtp_1 are equivalent.

Cell sky130_fd_sc_hd__clkbuf_8 (0) disconnected node: A
Cell sky130_fd_sc_hd__clkbuf_8 (0) disconnected node: VGND
Cell sky130_fd_sc_hd__clkbuf_8 (0) disconnected node: VNB
Cell sky130_fd_sc_hd__clkbuf_8 (0) disconnected node: VPB
Cell sky130_fd_sc_hd__clkbuf_8 (0) disconnected node: VPWR
Cell sky130_fd_sc_hd__clkbuf_8 (0) disconnected node: X

Subcircuit pins:
Circuit 1: sky130_fd_sc_hd__clkbuf_8       |Circuit 2: sky130_fd_sc_hd__clkbuf_8       
-------------------------------------------|-------------------------------------------
A                                          |A                                          
VGND                                       |VGND                                       
VNB                                        |VNB                                        
VPB                                        |VPB                                        
VPWR                                       |VPWR                                       
X                                          |X                                          
---------------------------------------------------------------------------------------
Cell pin lists are equivalent.
Device classes sky130_fd_sc_hd__clkbuf_8 and sky130_fd_sc_hd__clkbuf_8 are equivalent.

Cell sky130_fd_sc_hd__xnor2_4 (0) disconnected node: A
Cell sky130_fd_sc_hd__xnor2_4 (0) disconnected node: B
Cell sky130_fd_sc_hd__xnor2_4 (0) disconnected node: VGND
Cell sky130_fd_sc_hd__xnor2_4 (0) disconnected node: VNB
Cell sky130_fd_sc_hd__xnor2_4 (0) disconnected node: VPB
Cell sky130_fd_sc_hd__xnor2_4 (0) disconnected node: VPWR
Cell sky130_fd_sc_hd__xnor2_4 (0) disconnected node: Y

Subcircuit pins:
Circuit 1: sky130_fd_sc_hd__xnor2_4        |Circuit 2: sky130_fd_sc_hd__xnor2_4        
-------------------------------------------|-------------------------------------------
A                                          |A                                          
B                                          |B                                          
VGND                                       |VGND                                       
VNB                                        |VNB                                        
VPB                                        |VPB                                        
VPWR                                       |VPWR                                       
Y                                          |Y                                          
---------------------------------------------------------------------------------------
Cell pin lists are equivalent.
Device classes sky130_fd_sc_hd__xnor2_4 and sky130_fd_sc_hd__xnor2_4 are equivalent.

Cell sky130_fd_sc_hd__clkbuf_16 (0) disconnected node: A
Cell sky130_fd_sc_hd__clkbuf_16 (0) disconnected node: VGND
Cell sky130_fd_sc_hd__clkbuf_16 (0) disconnected node: VNB
Cell sky130_fd_sc_hd__clkbuf_16 (0) disconnected node: VPB
Cell sky130_fd_sc_hd__clkbuf_16 (0) disconnected node: VPWR
Cell sky130_fd_sc_hd__clkbuf_16 (0) disconnected node: X

Subcircuit pins:
Circuit 1: sky130_fd_sc_hd__clkbuf_16      |Circuit 2: sky130_fd_sc_hd__clkbuf_16      
-------------------------------------------|-------------------------------------------
A                                          |A                                          
VGND                                       |VGND                                       
VNB                                        |VNB                                        
VPB                                        |VPB                                        
VPWR                                       |VPWR                                       
X                                          |X                                          
---------------------------------------------------------------------------------------
Cell pin lists are equivalent.
Device classes sky130_fd_sc_hd__clkbuf_16 and sky130_fd_sc_hd__clkbuf_16 are equivalent.

Cell sky130_fd_sc_hd__o32a_2 (0) disconnected node: A1
Cell sky130_fd_sc_hd__o32a_2 (0) disconnected node: A2
Cell sky130_fd_sc_hd__o32a_2 (0) disconnected node: A3
Cell sky130_fd_sc_hd__o32a_2 (0) disconnected node: B1
Cell sky130_fd_sc_hd__o32a_2 (0) disconnected node: B2
Cell sky130_fd_sc_hd__o32a_2 (0) disconnected node: VGND
Cell sky130_fd_sc_hd__o32a_2 (0) disconnected node: VNB
Cell sky130_fd_sc_hd__o32a_2 (0) disconnected node: VPB
Cell sky130_fd_sc_hd__o32a_2 (0) disconnected node: VPWR
Cell sky130_fd_sc_hd__o32a_2 (0) disconnected node: X

Subcircuit pins:
Circuit 1: sky130_fd_sc_hd__o32a_2         |Circuit 2: sky130_fd_sc_hd__o32a_2         
-------------------------------------------|-------------------------------------------
A1                                         |A1                                         
A2                                         |A2                                         
A3                                         |A3                                         
B1                                         |B1                                         
B2                                         |B2                                         
VGND                                       |VGND                                       
VNB                                        |VNB                                        
VPB                                        |VPB                                        
VPWR                                       |VPWR                                       
X                                          |X                                          
---------------------------------------------------------------------------------------
Cell pin lists are equivalent.
Device classes sky130_fd_sc_hd__o32a_2 and sky130_fd_sc_hd__o32a_2 are equivalent.

Cell sky130_fd_sc_hd__and2_4 (0) disconnected node: A
Cell sky130_fd_sc_hd__and2_4 (0) disconnected node: B
Cell sky130_fd_sc_hd__and2_4 (0) disconnected node: VGND
Cell sky130_fd_sc_hd__and2_4 (0) disconnected node: VNB
Cell sky130_fd_sc_hd__and2_4 (0) disconnected node: VPB
Cell sky130_fd_sc_hd__and2_4 (0) disconnected node: VPWR
Cell sky130_fd_sc_hd__and2_4 (0) disconnected node: X

Subcircuit pins:
Circuit 1: sky130_fd_sc_hd__and2_4         |Circuit 2: sky130_fd_sc_hd__and2_4         
-------------------------------------------|-------------------------------------------
A                                          |A                                          
B                                          |B                                          
VGND                                       |VGND                                       
VNB                                        |VNB                                        
VPB                                        |VPB                                        
VPWR                                       |VPWR                                       
X                                          |X                                          
---------------------------------------------------------------------------------------
Cell pin lists are equivalent.
Device classes sky130_fd_sc_hd__and2_4 and sky130_fd_sc_hd__and2_4 are equivalent.

Cell sky130_fd_sc_hd__mux2_8 (0) disconnected node: A0
Cell sky130_fd_sc_hd__mux2_8 (0) disconnected node: A1
Cell sky130_fd_sc_hd__mux2_8 (0) disconnected node: S
Cell sky130_fd_sc_hd__mux2_8 (0) disconnected node: VGND
Cell sky130_fd_sc_hd__mux2_8 (0) disconnected node: VNB
Cell sky130_fd_sc_hd__mux2_8 (0) disconnected node: VPB
Cell sky130_fd_sc_hd__mux2_8 (0) disconnected node: VPWR
Cell sky130_fd_sc_hd__mux2_8 (0) disconnected node: X

Subcircuit pins:
Circuit 1: sky130_fd_sc_hd__mux2_8         |Circuit 2: sky130_fd_sc_hd__mux2_8         
-------------------------------------------|-------------------------------------------
A0                                         |A0                                         
A1                                         |A1                                         
S                                          |S                                          
VGND                                       |VGND                                       
VNB                                        |VNB                                        
VPB                                        |VPB                                        
VPWR                                       |VPWR                                       
X                                          |X                                          
---------------------------------------------------------------------------------------
Cell pin lists are equivalent.
Device classes sky130_fd_sc_hd__mux2_8 and sky130_fd_sc_hd__mux2_8 are equivalent.

Cell sky130_fd_sc_hd__nor2_8 (0) disconnected node: A
Cell sky130_fd_sc_hd__nor2_8 (0) disconnected node: B
Cell sky130_fd_sc_hd__nor2_8 (0) disconnected node: VGND
Cell sky130_fd_sc_hd__nor2_8 (0) disconnected node: VNB
Cell sky130_fd_sc_hd__nor2_8 (0) disconnected node: VPB
Cell sky130_fd_sc_hd__nor2_8 (0) disconnected node: VPWR
Cell sky130_fd_sc_hd__nor2_8 (0) disconnected node: Y

Subcircuit pins:
Circuit 1: sky130_fd_sc_hd__nor2_8         |Circuit 2: sky130_fd_sc_hd__nor2_8         
-------------------------------------------|-------------------------------------------
A                                          |A                                          
B                                          |B                                          
VGND                                       |VGND                                       
VNB                                        |VNB                                        
VPB                                        |VPB                                        
VPWR                                       |VPWR                                       
Y                                          |Y                                          
---------------------------------------------------------------------------------------
Cell pin lists are equivalent.
Device classes sky130_fd_sc_hd__nor2_8 and sky130_fd_sc_hd__nor2_8 are equivalent.

Cell sky130_fd_sc_hd__and2b_4 (0) disconnected node: A_N
Cell sky130_fd_sc_hd__and2b_4 (0) disconnected node: B
Cell sky130_fd_sc_hd__and2b_4 (0) disconnected node: VGND
Cell sky130_fd_sc_hd__and2b_4 (0) disconnected node: VNB
Cell sky130_fd_sc_hd__and2b_4 (0) disconnected node: VPB
Cell sky130_fd_sc_hd__and2b_4 (0) disconnected node: VPWR
Cell sky130_fd_sc_hd__and2b_4 (0) disconnected node: X

Subcircuit pins:
Circuit 1: sky130_fd_sc_hd__and2b_4        |Circuit 2: sky130_fd_sc_hd__and2b_4        
-------------------------------------------|-------------------------------------------
A_N                                        |A_N                                        
B                                          |B                                          
VGND                                       |VGND                                       
VNB                                        |VNB                                        
VPB                                        |VPB                                        
VPWR                                       |VPWR                                       
X                                          |X                                          
---------------------------------------------------------------------------------------
Cell pin lists are equivalent.
Device classes sky130_fd_sc_hd__and2b_4 and sky130_fd_sc_hd__and2b_4 are equivalent.

Cell sky130_fd_sc_hd__o211a_4 (0) disconnected node: A1
Cell sky130_fd_sc_hd__o211a_4 (0) disconnected node: A2
Cell sky130_fd_sc_hd__o211a_4 (0) disconnected node: B1
Cell sky130_fd_sc_hd__o211a_4 (0) disconnected node: C1
Cell sky130_fd_sc_hd__o211a_4 (0) disconnected node: VGND
Cell sky130_fd_sc_hd__o211a_4 (0) disconnected node: VNB
Cell sky130_fd_sc_hd__o211a_4 (0) disconnected node: VPB
Cell sky130_fd_sc_hd__o211a_4 (0) disconnected node: VPWR
Cell sky130_fd_sc_hd__o211a_4 (0) disconnected node: X

Subcircuit pins:
Circuit 1: sky130_fd_sc_hd__o211a_4        |Circuit 2: sky130_fd_sc_hd__o211a_4        
-------------------------------------------|-------------------------------------------
A1                                         |A1                                         
A2                                         |A2                                         
B1                                         |B1                                         
C1                                         |C1                                         
VGND                                       |VGND                                       
VNB                                        |VNB                                        
VPB                                        |VPB                                        
VPWR                                       |VPWR                                       
X                                          |X                                          
---------------------------------------------------------------------------------------
Cell pin lists are equivalent.
Device classes sky130_fd_sc_hd__o211a_4 and sky130_fd_sc_hd__o211a_4 are equivalent.

Cell sky130_fd_sc_hd__o21ba_2 (0) disconnected node: A1
Cell sky130_fd_sc_hd__o21ba_2 (0) disconnected node: A2
Cell sky130_fd_sc_hd__o21ba_2 (0) disconnected node: B1_N
Cell sky130_fd_sc_hd__o21ba_2 (0) disconnected node: VGND
Cell sky130_fd_sc_hd__o21ba_2 (0) disconnected node: VNB
Cell sky130_fd_sc_hd__o21ba_2 (0) disconnected node: VPB
Cell sky130_fd_sc_hd__o21ba_2 (0) disconnected node: VPWR
Cell sky130_fd_sc_hd__o21ba_2 (0) disconnected node: X

Subcircuit pins:
Circuit 1: sky130_fd_sc_hd__o21ba_2        |Circuit 2: sky130_fd_sc_hd__o21ba_2        
-------------------------------------------|-------------------------------------------
A1                                         |A1                                         
A2                                         |A2                                         
B1_N                                       |B1_N                                       
VGND                                       |VGND                                       
VNB                                        |VNB                                        
VPB                                        |VPB                                        
VPWR                                       |VPWR                                       
X                                          |X                                          
---------------------------------------------------------------------------------------
Cell pin lists are equivalent.
Device classes sky130_fd_sc_hd__o21ba_2 and sky130_fd_sc_hd__o21ba_2 are equivalent.

Cell sky130_fd_sc_hd__a31oi_2 (0) disconnected node: A1
Cell sky130_fd_sc_hd__a31oi_2 (0) disconnected node: A2
Cell sky130_fd_sc_hd__a31oi_2 (0) disconnected node: A3
Cell sky130_fd_sc_hd__a31oi_2 (0) disconnected node: B1
Cell sky130_fd_sc_hd__a31oi_2 (0) disconnected node: VGND
Cell sky130_fd_sc_hd__a31oi_2 (0) disconnected node: VNB
Cell sky130_fd_sc_hd__a31oi_2 (0) disconnected node: VPB
Cell sky130_fd_sc_hd__a31oi_2 (0) disconnected node: VPWR
Cell sky130_fd_sc_hd__a31oi_2 (0) disconnected node: Y

Subcircuit pins:
Circuit 1: sky130_fd_sc_hd__a31oi_2        |Circuit 2: sky130_fd_sc_hd__a31oi_2        
-------------------------------------------|-------------------------------------------
A1                                         |A1                                         
A2                                         |A2                                         
A3                                         |A3                                         
B1                                         |B1                                         
VGND                                       |VGND                                       
VNB                                        |VNB                                        
VPB                                        |VPB                                        
VPWR                                       |VPWR                                       
Y                                          |Y                                          
---------------------------------------------------------------------------------------
Cell pin lists are equivalent.
Device classes sky130_fd_sc_hd__a31oi_2 and sky130_fd_sc_hd__a31oi_2 are equivalent.

Cell sky130_fd_sc_hd__nand2_2 (0) disconnected node: A
Cell sky130_fd_sc_hd__nand2_2 (0) disconnected node: B
Cell sky130_fd_sc_hd__nand2_2 (0) disconnected node: VGND
Cell sky130_fd_sc_hd__nand2_2 (0) disconnected node: VNB
Cell sky130_fd_sc_hd__nand2_2 (0) disconnected node: VPB
Cell sky130_fd_sc_hd__nand2_2 (0) disconnected node: VPWR
Cell sky130_fd_sc_hd__nand2_2 (0) disconnected node: Y

Subcircuit pins:
Circuit 1: sky130_fd_sc_hd__nand2_2        |Circuit 2: sky130_fd_sc_hd__nand2_2        
-------------------------------------------|-------------------------------------------
A                                          |A                                          
B                                          |B                                          
VGND                                       |VGND                                       
VNB                                        |VNB                                        
VPB                                        |VPB                                        
VPWR                                       |VPWR                                       
Y                                          |Y                                          
---------------------------------------------------------------------------------------
Cell pin lists are equivalent.
Device classes sky130_fd_sc_hd__nand2_2 and sky130_fd_sc_hd__nand2_2 are equivalent.

Cell sky130_fd_sc_hd__and4b_2 (0) disconnected node: A_N
Cell sky130_fd_sc_hd__and4b_2 (0) disconnected node: B
Cell sky130_fd_sc_hd__and4b_2 (0) disconnected node: C
Cell sky130_fd_sc_hd__and4b_2 (0) disconnected node: D
Cell sky130_fd_sc_hd__and4b_2 (0) disconnected node: VGND
Cell sky130_fd_sc_hd__and4b_2 (0) disconnected node: VNB
Cell sky130_fd_sc_hd__and4b_2 (0) disconnected node: VPB
Cell sky130_fd_sc_hd__and4b_2 (0) disconnected node: VPWR
Cell sky130_fd_sc_hd__and4b_2 (0) disconnected node: X

Subcircuit pins:
Circuit 1: sky130_fd_sc_hd__and4b_2        |Circuit 2: sky130_fd_sc_hd__and4b_2        
-------------------------------------------|-------------------------------------------
A_N                                        |A_N                                        
B                                          |B                                          
C                                          |C                                          
D                                          |D                                          
VGND                                       |VGND                                       
VNB                                        |VNB                                        
VPB                                        |VPB                                        
VPWR                                       |VPWR                                       
X                                          |X                                          
---------------------------------------------------------------------------------------
Cell pin lists are equivalent.
Device classes sky130_fd_sc_hd__and4b_2 and sky130_fd_sc_hd__and4b_2 are equivalent.

Cell sky130_fd_sc_hd__nor4_4 (0) disconnected node: A
Cell sky130_fd_sc_hd__nor4_4 (0) disconnected node: B
Cell sky130_fd_sc_hd__nor4_4 (0) disconnected node: C
Cell sky130_fd_sc_hd__nor4_4 (0) disconnected node: D
Cell sky130_fd_sc_hd__nor4_4 (0) disconnected node: VGND
Cell sky130_fd_sc_hd__nor4_4 (0) disconnected node: VNB
Cell sky130_fd_sc_hd__nor4_4 (0) disconnected node: VPB
Cell sky130_fd_sc_hd__nor4_4 (0) disconnected node: VPWR
Cell sky130_fd_sc_hd__nor4_4 (0) disconnected node: Y

Subcircuit pins:
Circuit 1: sky130_fd_sc_hd__nor4_4         |Circuit 2: sky130_fd_sc_hd__nor4_4         
-------------------------------------------|-------------------------------------------
A                                          |A                                          
B                                          |B                                          
C                                          |C                                          
D                                          |D                                          
VGND                                       |VGND                                       
VNB                                        |VNB                                        
VPB                                        |VPB                                        
VPWR                                       |VPWR                                       
Y                                          |Y                                          
---------------------------------------------------------------------------------------
Cell pin lists are equivalent.
Device classes sky130_fd_sc_hd__nor4_4 and sky130_fd_sc_hd__nor4_4 are equivalent.

Cell sky130_fd_sc_hd__fa_2 (0) disconnected node: A
Cell sky130_fd_sc_hd__fa_2 (0) disconnected node: B
Cell sky130_fd_sc_hd__fa_2 (0) disconnected node: CIN
Cell sky130_fd_sc_hd__fa_2 (0) disconnected node: VGND
Cell sky130_fd_sc_hd__fa_2 (0) disconnected node: VNB
Cell sky130_fd_sc_hd__fa_2 (0) disconnected node: VPB
Cell sky130_fd_sc_hd__fa_2 (0) disconnected node: VPWR
Cell sky130_fd_sc_hd__fa_2 (0) disconnected node: COUT
Cell sky130_fd_sc_hd__fa_2 (0) disconnected node: SUM

Subcircuit pins:
Circuit 1: sky130_fd_sc_hd__fa_2           |Circuit 2: sky130_fd_sc_hd__fa_2           
-------------------------------------------|-------------------------------------------
A                                          |A                                          
B                                          |B                                          
CIN                                        |CIN                                        
VGND                                       |VGND                                       
VNB                                        |VNB                                        
VPB                                        |VPB                                        
VPWR                                       |VPWR                                       
COUT                                       |COUT                                       
SUM                                        |SUM                                        
---------------------------------------------------------------------------------------
Cell pin lists are equivalent.
Device classes sky130_fd_sc_hd__fa_2 and sky130_fd_sc_hd__fa_2 are equivalent.

Cell sky130_fd_sc_hd__dlygate4sd3_1 (0) disconnected node: A
Cell sky130_fd_sc_hd__dlygate4sd3_1 (0) disconnected node: VGND
Cell sky130_fd_sc_hd__dlygate4sd3_1 (0) disconnected node: VNB
Cell sky130_fd_sc_hd__dlygate4sd3_1 (0) disconnected node: VPB
Cell sky130_fd_sc_hd__dlygate4sd3_1 (0) disconnected node: VPWR
Cell sky130_fd_sc_hd__dlygate4sd3_1 (0) disconnected node: X

Subcircuit pins:
Circuit 1: sky130_fd_sc_hd__dlygate4sd3_1  |Circuit 2: sky130_fd_sc_hd__dlygate4sd3_1  
-------------------------------------------|-------------------------------------------
A                                          |A                                          
VGND                                       |VGND                                       
VNB                                        |VNB                                        
VPB                                        |VPB                                        
VPWR                                       |VPWR                                       
X                                          |X                                          
---------------------------------------------------------------------------------------
Cell pin lists are equivalent.
Device classes sky130_fd_sc_hd__dlygate4sd3_1 and sky130_fd_sc_hd__dlygate4sd3_1 are equivalent.

Cell sky130_fd_sc_hd__inv_4 (0) disconnected node: A
Cell sky130_fd_sc_hd__inv_4 (0) disconnected node: VGND
Cell sky130_fd_sc_hd__inv_4 (0) disconnected node: VNB
Cell sky130_fd_sc_hd__inv_4 (0) disconnected node: VPB
Cell sky130_fd_sc_hd__inv_4 (0) disconnected node: VPWR
Cell sky130_fd_sc_hd__inv_4 (0) disconnected node: Y

Subcircuit pins:
Circuit 1: sky130_fd_sc_hd__inv_4          |Circuit 2: sky130_fd_sc_hd__inv_4          
-------------------------------------------|-------------------------------------------
A                                          |A                                          
VGND                                       |VGND                                       
VNB                                        |VNB                                        
VPB                                        |VPB                                        
VPWR                                       |VPWR                                       
Y                                          |Y                                          
---------------------------------------------------------------------------------------
Cell pin lists are equivalent.
Device classes sky130_fd_sc_hd__inv_4 and sky130_fd_sc_hd__inv_4 are equivalent.

Cell sky130_fd_sc_hd__dfxtp_2 (0) disconnected node: CLK
Cell sky130_fd_sc_hd__dfxtp_2 (0) disconnected node: D
Cell sky130_fd_sc_hd__dfxtp_2 (0) disconnected node: VGND
Cell sky130_fd_sc_hd__dfxtp_2 (0) disconnected node: VNB
Cell sky130_fd_sc_hd__dfxtp_2 (0) disconnected node: VPB
Cell sky130_fd_sc_hd__dfxtp_2 (0) disconnected node: VPWR
Cell sky130_fd_sc_hd__dfxtp_2 (0) disconnected node: Q

Subcircuit pins:
Circuit 1: sky130_fd_sc_hd__dfxtp_2        |Circuit 2: sky130_fd_sc_hd__dfxtp_2        
-------------------------------------------|-------------------------------------------
CLK                                        |CLK                                        
D                                          |D                                          
VGND                                       |VGND                                       
VNB                                        |VNB                                        
VPB                                        |VPB                                        
VPWR                                       |VPWR                                       
Q                                          |Q                                          
---------------------------------------------------------------------------------------
Cell pin lists are equivalent.
Device classes sky130_fd_sc_hd__dfxtp_2 and sky130_fd_sc_hd__dfxtp_2 are equivalent.

Cell sky130_fd_sc_hd__o31a_4 (0) disconnected node: A1
Cell sky130_fd_sc_hd__o31a_4 (0) disconnected node: A2
Cell sky130_fd_sc_hd__o31a_4 (0) disconnected node: A3
Cell sky130_fd_sc_hd__o31a_4 (0) disconnected node: B1
Cell sky130_fd_sc_hd__o31a_4 (0) disconnected node: VGND
Cell sky130_fd_sc_hd__o31a_4 (0) disconnected node: VNB
Cell sky130_fd_sc_hd__o31a_4 (0) disconnected node: VPB
Cell sky130_fd_sc_hd__o31a_4 (0) disconnected node: VPWR
Cell sky130_fd_sc_hd__o31a_4 (0) disconnected node: X

Subcircuit pins:
Circuit 1: sky130_fd_sc_hd__o31a_4         |Circuit 2: sky130_fd_sc_hd__o31a_4         
-------------------------------------------|-------------------------------------------
A1                                         |A1                                         
A2                                         |A2                                         
A3                                         |A3                                         
B1                                         |B1                                         
VGND                                       |VGND                                       
VNB                                        |VNB                                        
VPB                                        |VPB                                        
VPWR                                       |VPWR                                       
X                                          |X                                          
---------------------------------------------------------------------------------------
Cell pin lists are equivalent.
Device classes sky130_fd_sc_hd__o31a_4 and sky130_fd_sc_hd__o31a_4 are equivalent.

Cell sky130_fd_sc_hd__o311a_4 (0) disconnected node: A1
Cell sky130_fd_sc_hd__o311a_4 (0) disconnected node: A2
Cell sky130_fd_sc_hd__o311a_4 (0) disconnected node: A3
Cell sky130_fd_sc_hd__o311a_4 (0) disconnected node: B1
Cell sky130_fd_sc_hd__o311a_4 (0) disconnected node: C1
Cell sky130_fd_sc_hd__o311a_4 (0) disconnected node: VGND
Cell sky130_fd_sc_hd__o311a_4 (0) disconnected node: VNB
Cell sky130_fd_sc_hd__o311a_4 (0) disconnected node: VPB
Cell sky130_fd_sc_hd__o311a_4 (0) disconnected node: VPWR
Cell sky130_fd_sc_hd__o311a_4 (0) disconnected node: X

Subcircuit pins:
Circuit 1: sky130_fd_sc_hd__o311a_4        |Circuit 2: sky130_fd_sc_hd__o311a_4        
-------------------------------------------|-------------------------------------------
A1                                         |A1                                         
A2                                         |A2                                         
A3                                         |A3                                         
B1                                         |B1                                         
C1                                         |C1                                         
VGND                                       |VGND                                       
VNB                                        |VNB                                        
VPB                                        |VPB                                        
VPWR                                       |VPWR                                       
X                                          |X                                          
---------------------------------------------------------------------------------------
Cell pin lists are equivalent.
Device classes sky130_fd_sc_hd__o311a_4 and sky130_fd_sc_hd__o311a_4 are equivalent.

Cell sky130_fd_sc_hd__o41ai_2 (0) disconnected node: A1
Cell sky130_fd_sc_hd__o41ai_2 (0) disconnected node: A2
Cell sky130_fd_sc_hd__o41ai_2 (0) disconnected node: A3
Cell sky130_fd_sc_hd__o41ai_2 (0) disconnected node: A4
Cell sky130_fd_sc_hd__o41ai_2 (0) disconnected node: B1
Cell sky130_fd_sc_hd__o41ai_2 (0) disconnected node: VGND
Cell sky130_fd_sc_hd__o41ai_2 (0) disconnected node: VNB
Cell sky130_fd_sc_hd__o41ai_2 (0) disconnected node: VPB
Cell sky130_fd_sc_hd__o41ai_2 (0) disconnected node: VPWR
Cell sky130_fd_sc_hd__o41ai_2 (0) disconnected node: Y

Subcircuit pins:
Circuit 1: sky130_fd_sc_hd__o41ai_2        |Circuit 2: sky130_fd_sc_hd__o41ai_2        
-------------------------------------------|-------------------------------------------
A1                                         |A1                                         
A2                                         |A2                                         
A3                                         |A3                                         
A4                                         |A4                                         
B1                                         |B1                                         
VGND                                       |VGND                                       
VNB                                        |VNB                                        
VPB                                        |VPB                                        
VPWR                                       |VPWR                                       
Y                                          |Y                                          
---------------------------------------------------------------------------------------
Cell pin lists are equivalent.
Device classes sky130_fd_sc_hd__o41ai_2 and sky130_fd_sc_hd__o41ai_2 are equivalent.

Cell sky130_fd_sc_hd__o21a_4 (0) disconnected node: A1
Cell sky130_fd_sc_hd__o21a_4 (0) disconnected node: A2
Cell sky130_fd_sc_hd__o21a_4 (0) disconnected node: B1
Cell sky130_fd_sc_hd__o21a_4 (0) disconnected node: VGND
Cell sky130_fd_sc_hd__o21a_4 (0) disconnected node: VNB
Cell sky130_fd_sc_hd__o21a_4 (0) disconnected node: VPB
Cell sky130_fd_sc_hd__o21a_4 (0) disconnected node: VPWR
Cell sky130_fd_sc_hd__o21a_4 (0) disconnected node: X

Subcircuit pins:
Circuit 1: sky130_fd_sc_hd__o21a_4         |Circuit 2: sky130_fd_sc_hd__o21a_4         
-------------------------------------------|-------------------------------------------
A1                                         |A1                                         
A2                                         |A2                                         
B1                                         |B1                                         
VGND                                       |VGND                                       
VNB                                        |VNB                                        
VPB                                        |VPB                                        
VPWR                                       |VPWR                                       
X                                          |X                                          
---------------------------------------------------------------------------------------
Cell pin lists are equivalent.
Device classes sky130_fd_sc_hd__o21a_4 and sky130_fd_sc_hd__o21a_4 are equivalent.

Cell sky130_fd_sc_hd__decap_3 (0) disconnected node: VGND
Cell sky130_fd_sc_hd__decap_3 (0) disconnected node: VNB
Cell sky130_fd_sc_hd__decap_3 (0) disconnected node: VPB
Cell sky130_fd_sc_hd__decap_3 (0) disconnected node: VPWR

Subcircuit pins:
Circuit 1: sky130_fd_sc_hd__decap_3        |Circuit 2: sky130_fd_sc_hd__decap_3        
-------------------------------------------|-------------------------------------------
VGND                                       |VGND                                       
VNB                                        |VNB                                        
VPB                                        |VPB                                        
VPWR                                       |VPWR                                       
---------------------------------------------------------------------------------------
Cell pin lists are equivalent.
Device classes sky130_fd_sc_hd__decap_3 and sky130_fd_sc_hd__decap_3 are equivalent.

Cell sky130_fd_sc_hd__xor2_4 (0) disconnected node: A
Cell sky130_fd_sc_hd__xor2_4 (0) disconnected node: B
Cell sky130_fd_sc_hd__xor2_4 (0) disconnected node: VGND
Cell sky130_fd_sc_hd__xor2_4 (0) disconnected node: VNB
Cell sky130_fd_sc_hd__xor2_4 (0) disconnected node: VPB
Cell sky130_fd_sc_hd__xor2_4 (0) disconnected node: VPWR
Cell sky130_fd_sc_hd__xor2_4 (0) disconnected node: X

Subcircuit pins:
Circuit 1: sky130_fd_sc_hd__xor2_4         |Circuit 2: sky130_fd_sc_hd__xor2_4         
-------------------------------------------|-------------------------------------------
A                                          |A                                          
B                                          |B                                          
VGND                                       |VGND                                       
VNB                                        |VNB                                        
VPB                                        |VPB                                        
VPWR                                       |VPWR                                       
X                                          |X                                          
---------------------------------------------------------------------------------------
Cell pin lists are equivalent.
Device classes sky130_fd_sc_hd__xor2_4 and sky130_fd_sc_hd__xor2_4 are equivalent.

Cell sky130_fd_sc_hd__inv_8 (0) disconnected node: A
Cell sky130_fd_sc_hd__inv_8 (0) disconnected node: VGND
Cell sky130_fd_sc_hd__inv_8 (0) disconnected node: VNB
Cell sky130_fd_sc_hd__inv_8 (0) disconnected node: VPB
Cell sky130_fd_sc_hd__inv_8 (0) disconnected node: VPWR
Cell sky130_fd_sc_hd__inv_8 (0) disconnected node: Y

Subcircuit pins:
Circuit 1: sky130_fd_sc_hd__inv_8          |Circuit 2: sky130_fd_sc_hd__inv_8          
-------------------------------------------|-------------------------------------------
A                                          |A                                          
VGND                                       |VGND                                       
VNB                                        |VNB                                        
VPB                                        |VPB                                        
VPWR                                       |VPWR                                       
Y                                          |Y                                          
---------------------------------------------------------------------------------------
Cell pin lists are equivalent.
Device classes sky130_fd_sc_hd__inv_8 and sky130_fd_sc_hd__inv_8 are equivalent.

Cell sky130_fd_sc_hd__a211o_2 (0) disconnected node: A1
Cell sky130_fd_sc_hd__a211o_2 (0) disconnected node: A2
Cell sky130_fd_sc_hd__a211o_2 (0) disconnected node: B1
Cell sky130_fd_sc_hd__a211o_2 (0) disconnected node: C1
Cell sky130_fd_sc_hd__a211o_2 (0) disconnected node: VGND
Cell sky130_fd_sc_hd__a211o_2 (0) disconnected node: VNB
Cell sky130_fd_sc_hd__a211o_2 (0) disconnected node: VPB
Cell sky130_fd_sc_hd__a211o_2 (0) disconnected node: VPWR
Cell sky130_fd_sc_hd__a211o_2 (0) disconnected node: X

Subcircuit pins:
Circuit 1: sky130_fd_sc_hd__a211o_2        |Circuit 2: sky130_fd_sc_hd__a211o_2        
-------------------------------------------|-------------------------------------------
A1                                         |A1                                         
A2                                         |A2                                         
B1                                         |B1                                         
C1                                         |C1                                         
VGND                                       |VGND                                       
VNB                                        |VNB                                        
VPB                                        |VPB                                        
VPWR                                       |VPWR                                       
X                                          |X                                          
---------------------------------------------------------------------------------------
Cell pin lists are equivalent.
Device classes sky130_fd_sc_hd__a211o_2 and sky130_fd_sc_hd__a211o_2 are equivalent.

Cell sky130_fd_sc_hd__nor3_2 (0) disconnected node: A
Cell sky130_fd_sc_hd__nor3_2 (0) disconnected node: B
Cell sky130_fd_sc_hd__nor3_2 (0) disconnected node: C
Cell sky130_fd_sc_hd__nor3_2 (0) disconnected node: VGND
Cell sky130_fd_sc_hd__nor3_2 (0) disconnected node: VNB
Cell sky130_fd_sc_hd__nor3_2 (0) disconnected node: VPB
Cell sky130_fd_sc_hd__nor3_2 (0) disconnected node: VPWR
Cell sky130_fd_sc_hd__nor3_2 (0) disconnected node: Y

Subcircuit pins:
Circuit 1: sky130_fd_sc_hd__nor3_2         |Circuit 2: sky130_fd_sc_hd__nor3_2         
-------------------------------------------|-------------------------------------------
A                                          |A                                          
B                                          |B                                          
C                                          |C                                          
VGND                                       |VGND                                       
VNB                                        |VNB                                        
VPB                                        |VPB                                        
VPWR                                       |VPWR                                       
Y                                          |Y                                          
---------------------------------------------------------------------------------------
Cell pin lists are equivalent.
Device classes sky130_fd_sc_hd__nor3_2 and sky130_fd_sc_hd__nor3_2 are equivalent.

Cell sky130_fd_sc_hd__o21ai_2 (0) disconnected node: A1
Cell sky130_fd_sc_hd__o21ai_2 (0) disconnected node: A2
Cell sky130_fd_sc_hd__o21ai_2 (0) disconnected node: B1
Cell sky130_fd_sc_hd__o21ai_2 (0) disconnected node: VGND
Cell sky130_fd_sc_hd__o21ai_2 (0) disconnected node: VNB
Cell sky130_fd_sc_hd__o21ai_2 (0) disconnected node: VPB
Cell sky130_fd_sc_hd__o21ai_2 (0) disconnected node: VPWR
Cell sky130_fd_sc_hd__o21ai_2 (0) disconnected node: Y

Subcircuit pins:
Circuit 1: sky130_fd_sc_hd__o21ai_2        |Circuit 2: sky130_fd_sc_hd__o21ai_2        
-------------------------------------------|-------------------------------------------
A1                                         |A1                                         
A2                                         |A2                                         
B1                                         |B1                                         
VGND                                       |VGND                                       
VNB                                        |VNB                                        
VPB                                        |VPB                                        
VPWR                                       |VPWR                                       
Y                                          |Y                                          
---------------------------------------------------------------------------------------
Cell pin lists are equivalent.
Device classes sky130_fd_sc_hd__o21ai_2 and sky130_fd_sc_hd__o21ai_2 are equivalent.

Cell sky130_fd_sc_hd__dfrtp_4 (0) disconnected node: CLK
Cell sky130_fd_sc_hd__dfrtp_4 (0) disconnected node: D
Cell sky130_fd_sc_hd__dfrtp_4 (0) disconnected node: RESET_B
Cell sky130_fd_sc_hd__dfrtp_4 (0) disconnected node: VGND
Cell sky130_fd_sc_hd__dfrtp_4 (0) disconnected node: VNB
Cell sky130_fd_sc_hd__dfrtp_4 (0) disconnected node: VPB
Cell sky130_fd_sc_hd__dfrtp_4 (0) disconnected node: VPWR
Cell sky130_fd_sc_hd__dfrtp_4 (0) disconnected node: Q

Subcircuit pins:
Circuit 1: sky130_fd_sc_hd__dfrtp_4        |Circuit 2: sky130_fd_sc_hd__dfrtp_4        
-------------------------------------------|-------------------------------------------
CLK                                        |CLK                                        
D                                          |D                                          
RESET_B                                    |RESET_B                                    
VGND                                       |VGND                                       
VNB                                        |VNB                                        
VPB                                        |VPB                                        
VPWR                                       |VPWR                                       
Q                                          |Q                                          
---------------------------------------------------------------------------------------
Cell pin lists are equivalent.
Device classes sky130_fd_sc_hd__dfrtp_4 and sky130_fd_sc_hd__dfrtp_4 are equivalent.

Cell sky130_fd_sc_hd__and3_4 (0) disconnected node: A
Cell sky130_fd_sc_hd__and3_4 (0) disconnected node: B
Cell sky130_fd_sc_hd__and3_4 (0) disconnected node: C
Cell sky130_fd_sc_hd__and3_4 (0) disconnected node: VGND
Cell sky130_fd_sc_hd__and3_4 (0) disconnected node: VNB
Cell sky130_fd_sc_hd__and3_4 (0) disconnected node: VPB
Cell sky130_fd_sc_hd__and3_4 (0) disconnected node: VPWR
Cell sky130_fd_sc_hd__and3_4 (0) disconnected node: X

Subcircuit pins:
Circuit 1: sky130_fd_sc_hd__and3_4         |Circuit 2: sky130_fd_sc_hd__and3_4         
-------------------------------------------|-------------------------------------------
A                                          |A                                          
B                                          |B                                          
C                                          |C                                          
VGND                                       |VGND                                       
VNB                                        |VNB                                        
VPB                                        |VPB                                        
VPWR                                       |VPWR                                       
X                                          |X                                          
---------------------------------------------------------------------------------------
Cell pin lists are equivalent.
Device classes sky130_fd_sc_hd__and3_4 and sky130_fd_sc_hd__and3_4 are equivalent.

Cell sky130_fd_sc_hd__inv_6 (0) disconnected node: A
Cell sky130_fd_sc_hd__inv_6 (0) disconnected node: VGND
Cell sky130_fd_sc_hd__inv_6 (0) disconnected node: VNB
Cell sky130_fd_sc_hd__inv_6 (0) disconnected node: VPB
Cell sky130_fd_sc_hd__inv_6 (0) disconnected node: VPWR
Cell sky130_fd_sc_hd__inv_6 (0) disconnected node: Y

Subcircuit pins:
Circuit 1: sky130_fd_sc_hd__inv_6          |Circuit 2: sky130_fd_sc_hd__inv_6          
-------------------------------------------|-------------------------------------------
A                                          |A                                          
VGND                                       |VGND                                       
VNB                                        |VNB                                        
VPB                                        |VPB                                        
VPWR                                       |VPWR                                       
Y                                          |Y                                          
---------------------------------------------------------------------------------------
Cell pin lists are equivalent.
Device classes sky130_fd_sc_hd__inv_6 and sky130_fd_sc_hd__inv_6 are equivalent.

Cell sky130_fd_sc_hd__nor4_2 (0) disconnected node: A
Cell sky130_fd_sc_hd__nor4_2 (0) disconnected node: B
Cell sky130_fd_sc_hd__nor4_2 (0) disconnected node: C
Cell sky130_fd_sc_hd__nor4_2 (0) disconnected node: D
Cell sky130_fd_sc_hd__nor4_2 (0) disconnected node: VGND
Cell sky130_fd_sc_hd__nor4_2 (0) disconnected node: VNB
Cell sky130_fd_sc_hd__nor4_2 (0) disconnected node: VPB
Cell sky130_fd_sc_hd__nor4_2 (0) disconnected node: VPWR
Cell sky130_fd_sc_hd__nor4_2 (0) disconnected node: Y

Subcircuit pins:
Circuit 1: sky130_fd_sc_hd__nor4_2         |Circuit 2: sky130_fd_sc_hd__nor4_2         
-------------------------------------------|-------------------------------------------
A                                          |A                                          
B                                          |B                                          
C                                          |C                                          
D                                          |D                                          
VGND                                       |VGND                                       
VNB                                        |VNB                                        
VPB                                        |VPB                                        
VPWR                                       |VPWR                                       
Y                                          |Y                                          
---------------------------------------------------------------------------------------
Cell pin lists are equivalent.
Device classes sky130_fd_sc_hd__nor4_2 and sky130_fd_sc_hd__nor4_2 are equivalent.

Cell sky130_fd_sc_hd__o211a_2 (0) disconnected node: A1
Cell sky130_fd_sc_hd__o211a_2 (0) disconnected node: A2
Cell sky130_fd_sc_hd__o211a_2 (0) disconnected node: B1
Cell sky130_fd_sc_hd__o211a_2 (0) disconnected node: C1
Cell sky130_fd_sc_hd__o211a_2 (0) disconnected node: VGND
Cell sky130_fd_sc_hd__o211a_2 (0) disconnected node: VNB
Cell sky130_fd_sc_hd__o211a_2 (0) disconnected node: VPB
Cell sky130_fd_sc_hd__o211a_2 (0) disconnected node: VPWR
Cell sky130_fd_sc_hd__o211a_2 (0) disconnected node: X

Subcircuit pins:
Circuit 1: sky130_fd_sc_hd__o211a_2        |Circuit 2: sky130_fd_sc_hd__o211a_2        
-------------------------------------------|-------------------------------------------
A1                                         |A1                                         
A2                                         |A2                                         
B1                                         |B1                                         
C1                                         |C1                                         
VGND                                       |VGND                                       
VNB                                        |VNB                                        
VPB                                        |VPB                                        
VPWR                                       |VPWR                                       
X                                          |X                                          
---------------------------------------------------------------------------------------
Cell pin lists are equivalent.
Device classes sky130_fd_sc_hd__o211a_2 and sky130_fd_sc_hd__o211a_2 are equivalent.

Cell sky130_fd_sc_hd__o22a_4 (0) disconnected node: A1
Cell sky130_fd_sc_hd__o22a_4 (0) disconnected node: A2
Cell sky130_fd_sc_hd__o22a_4 (0) disconnected node: B1
Cell sky130_fd_sc_hd__o22a_4 (0) disconnected node: B2
Cell sky130_fd_sc_hd__o22a_4 (0) disconnected node: VGND
Cell sky130_fd_sc_hd__o22a_4 (0) disconnected node: VNB
Cell sky130_fd_sc_hd__o22a_4 (0) disconnected node: VPB
Cell sky130_fd_sc_hd__o22a_4 (0) disconnected node: VPWR
Cell sky130_fd_sc_hd__o22a_4 (0) disconnected node: X

Subcircuit pins:
Circuit 1: sky130_fd_sc_hd__o22a_4         |Circuit 2: sky130_fd_sc_hd__o22a_4         
-------------------------------------------|-------------------------------------------
A1                                         |A1                                         
A2                                         |A2                                         
B1                                         |B1                                         
B2                                         |B2                                         
VGND                                       |VGND                                       
VNB                                        |VNB                                        
VPB                                        |VPB                                        
VPWR                                       |VPWR                                       
X                                          |X                                          
---------------------------------------------------------------------------------------
Cell pin lists are equivalent.
Device classes sky130_fd_sc_hd__o22a_4 and sky130_fd_sc_hd__o22a_4 are equivalent.

Cell sky130_fd_sc_hd__o32a_4 (0) disconnected node: A1
Cell sky130_fd_sc_hd__o32a_4 (0) disconnected node: A2
Cell sky130_fd_sc_hd__o32a_4 (0) disconnected node: A3
Cell sky130_fd_sc_hd__o32a_4 (0) disconnected node: B1
Cell sky130_fd_sc_hd__o32a_4 (0) disconnected node: B2
Cell sky130_fd_sc_hd__o32a_4 (0) disconnected node: VGND
Cell sky130_fd_sc_hd__o32a_4 (0) disconnected node: VNB
Cell sky130_fd_sc_hd__o32a_4 (0) disconnected node: VPB
Cell sky130_fd_sc_hd__o32a_4 (0) disconnected node: VPWR
Cell sky130_fd_sc_hd__o32a_4 (0) disconnected node: X

Subcircuit pins:
Circuit 1: sky130_fd_sc_hd__o32a_4         |Circuit 2: sky130_fd_sc_hd__o32a_4         
-------------------------------------------|-------------------------------------------
A1                                         |A1                                         
A2                                         |A2                                         
A3                                         |A3                                         
B1                                         |B1                                         
B2                                         |B2                                         
VGND                                       |VGND                                       
VNB                                        |VNB                                        
VPB                                        |VPB                                        
VPWR                                       |VPWR                                       
X                                          |X                                          
---------------------------------------------------------------------------------------
Cell pin lists are equivalent.
Device classes sky130_fd_sc_hd__o32a_4 and sky130_fd_sc_hd__o32a_4 are equivalent.

Cell sky130_fd_sc_hd__a21oi_4 (0) disconnected node: A1
Cell sky130_fd_sc_hd__a21oi_4 (0) disconnected node: A2
Cell sky130_fd_sc_hd__a21oi_4 (0) disconnected node: B1
Cell sky130_fd_sc_hd__a21oi_4 (0) disconnected node: VGND
Cell sky130_fd_sc_hd__a21oi_4 (0) disconnected node: VNB
Cell sky130_fd_sc_hd__a21oi_4 (0) disconnected node: VPB
Cell sky130_fd_sc_hd__a21oi_4 (0) disconnected node: VPWR
Cell sky130_fd_sc_hd__a21oi_4 (0) disconnected node: Y

Subcircuit pins:
Circuit 1: sky130_fd_sc_hd__a21oi_4        |Circuit 2: sky130_fd_sc_hd__a21oi_4        
-------------------------------------------|-------------------------------------------
A1                                         |A1                                         
A2                                         |A2                                         
B1                                         |B1                                         
VGND                                       |VGND                                       
VNB                                        |VNB                                        
VPB                                        |VPB                                        
VPWR                                       |VPWR                                       
Y                                          |Y                                          
---------------------------------------------------------------------------------------
Cell pin lists are equivalent.
Device classes sky130_fd_sc_hd__a21oi_4 and sky130_fd_sc_hd__a21oi_4 are equivalent.

Cell sky130_fd_sc_hd__o221a_2 (0) disconnected node: A1
Cell sky130_fd_sc_hd__o221a_2 (0) disconnected node: A2
Cell sky130_fd_sc_hd__o221a_2 (0) disconnected node: B1
Cell sky130_fd_sc_hd__o221a_2 (0) disconnected node: B2
Cell sky130_fd_sc_hd__o221a_2 (0) disconnected node: C1
Cell sky130_fd_sc_hd__o221a_2 (0) disconnected node: VGND
Cell sky130_fd_sc_hd__o221a_2 (0) disconnected node: VNB
Cell sky130_fd_sc_hd__o221a_2 (0) disconnected node: VPB
Cell sky130_fd_sc_hd__o221a_2 (0) disconnected node: VPWR
Cell sky130_fd_sc_hd__o221a_2 (0) disconnected node: X

Subcircuit pins:
Circuit 1: sky130_fd_sc_hd__o221a_2        |Circuit 2: sky130_fd_sc_hd__o221a_2        
-------------------------------------------|-------------------------------------------
A1                                         |A1                                         
A2                                         |A2                                         
B1                                         |B1                                         
B2                                         |B2                                         
C1                                         |C1                                         
VGND                                       |VGND                                       
VNB                                        |VNB                                        
VPB                                        |VPB                                        
VPWR                                       |VPWR                                       
X                                          |X                                          
---------------------------------------------------------------------------------------
Cell pin lists are equivalent.
Device classes sky130_fd_sc_hd__o221a_2 and sky130_fd_sc_hd__o221a_2 are equivalent.

Cell sky130_fd_sc_hd__o21ai_4 (0) disconnected node: A1
Cell sky130_fd_sc_hd__o21ai_4 (0) disconnected node: A2
Cell sky130_fd_sc_hd__o21ai_4 (0) disconnected node: B1
Cell sky130_fd_sc_hd__o21ai_4 (0) disconnected node: VGND
Cell sky130_fd_sc_hd__o21ai_4 (0) disconnected node: VNB
Cell sky130_fd_sc_hd__o21ai_4 (0) disconnected node: VPB
Cell sky130_fd_sc_hd__o21ai_4 (0) disconnected node: VPWR
Cell sky130_fd_sc_hd__o21ai_4 (0) disconnected node: Y

Subcircuit pins:
Circuit 1: sky130_fd_sc_hd__o21ai_4        |Circuit 2: sky130_fd_sc_hd__o21ai_4        
-------------------------------------------|-------------------------------------------
A1                                         |A1                                         
A2                                         |A2                                         
B1                                         |B1                                         
VGND                                       |VGND                                       
VNB                                        |VNB                                        
VPB                                        |VPB                                        
VPWR                                       |VPWR                                       
Y                                          |Y                                          
---------------------------------------------------------------------------------------
Cell pin lists are equivalent.
Device classes sky130_fd_sc_hd__o21ai_4 and sky130_fd_sc_hd__o21ai_4 are equivalent.

Cell sky130_fd_sc_hd__inv_16 (0) disconnected node: A
Cell sky130_fd_sc_hd__inv_16 (0) disconnected node: VGND
Cell sky130_fd_sc_hd__inv_16 (0) disconnected node: VNB
Cell sky130_fd_sc_hd__inv_16 (0) disconnected node: VPB
Cell sky130_fd_sc_hd__inv_16 (0) disconnected node: VPWR
Cell sky130_fd_sc_hd__inv_16 (0) disconnected node: Y

Subcircuit pins:
Circuit 1: sky130_fd_sc_hd__inv_16         |Circuit 2: sky130_fd_sc_hd__inv_16         
-------------------------------------------|-------------------------------------------
A                                          |A                                          
VGND                                       |VGND                                       
VNB                                        |VNB                                        
VPB                                        |VPB                                        
VPWR                                       |VPWR                                       
Y                                          |Y                                          
---------------------------------------------------------------------------------------
Cell pin lists are equivalent.
Device classes sky130_fd_sc_hd__inv_16 and sky130_fd_sc_hd__inv_16 are equivalent.

Cell sky130_fd_sc_hd__a32o_2 (0) disconnected node: A1
Cell sky130_fd_sc_hd__a32o_2 (0) disconnected node: A2
Cell sky130_fd_sc_hd__a32o_2 (0) disconnected node: A3
Cell sky130_fd_sc_hd__a32o_2 (0) disconnected node: B1
Cell sky130_fd_sc_hd__a32o_2 (0) disconnected node: B2
Cell sky130_fd_sc_hd__a32o_2 (0) disconnected node: VGND
Cell sky130_fd_sc_hd__a32o_2 (0) disconnected node: VNB
Cell sky130_fd_sc_hd__a32o_2 (0) disconnected node: VPB
Cell sky130_fd_sc_hd__a32o_2 (0) disconnected node: VPWR
Cell sky130_fd_sc_hd__a32o_2 (0) disconnected node: X

Subcircuit pins:
Circuit 1: sky130_fd_sc_hd__a32o_2         |Circuit 2: sky130_fd_sc_hd__a32o_2         
-------------------------------------------|-------------------------------------------
A1                                         |A1                                         
A2                                         |A2                                         
A3                                         |A3                                         
B1                                         |B1                                         
B2                                         |B2                                         
VGND                                       |VGND                                       
VNB                                        |VNB                                        
VPB                                        |VPB                                        
VPWR                                       |VPWR                                       
X                                          |X                                          
---------------------------------------------------------------------------------------
Cell pin lists are equivalent.
Device classes sky130_fd_sc_hd__a32o_2 and sky130_fd_sc_hd__a32o_2 are equivalent.

Cell sky130_fd_sc_hd__o2bb2a_2 (0) disconnected node: A1_N
Cell sky130_fd_sc_hd__o2bb2a_2 (0) disconnected node: A2_N
Cell sky130_fd_sc_hd__o2bb2a_2 (0) disconnected node: B1
Cell sky130_fd_sc_hd__o2bb2a_2 (0) disconnected node: B2
Cell sky130_fd_sc_hd__o2bb2a_2 (0) disconnected node: VGND
Cell sky130_fd_sc_hd__o2bb2a_2 (0) disconnected node: VNB
Cell sky130_fd_sc_hd__o2bb2a_2 (0) disconnected node: VPB
Cell sky130_fd_sc_hd__o2bb2a_2 (0) disconnected node: VPWR
Cell sky130_fd_sc_hd__o2bb2a_2 (0) disconnected node: X

Subcircuit pins:
Circuit 1: sky130_fd_sc_hd__o2bb2a_2       |Circuit 2: sky130_fd_sc_hd__o2bb2a_2       
-------------------------------------------|-------------------------------------------
A1_N                                       |A1_N                                       
A2_N                                       |A2_N                                       
B1                                         |B1                                         
B2                                         |B2                                         
VGND                                       |VGND                                       
VNB                                        |VNB                                        
VPB                                        |VPB                                        
VPWR                                       |VPWR                                       
X                                          |X                                          
---------------------------------------------------------------------------------------
Cell pin lists are equivalent.
Device classes sky130_fd_sc_hd__o2bb2a_2 and sky130_fd_sc_hd__o2bb2a_2 are equivalent.

Cell sky130_fd_sc_hd__mux4_2 (0) disconnected node: A0
Cell sky130_fd_sc_hd__mux4_2 (0) disconnected node: A1
Cell sky130_fd_sc_hd__mux4_2 (0) disconnected node: A2
Cell sky130_fd_sc_hd__mux4_2 (0) disconnected node: A3
Cell sky130_fd_sc_hd__mux4_2 (0) disconnected node: S0
Cell sky130_fd_sc_hd__mux4_2 (0) disconnected node: S1
Cell sky130_fd_sc_hd__mux4_2 (0) disconnected node: VGND
Cell sky130_fd_sc_hd__mux4_2 (0) disconnected node: VNB
Cell sky130_fd_sc_hd__mux4_2 (0) disconnected node: VPB
Cell sky130_fd_sc_hd__mux4_2 (0) disconnected node: VPWR
Cell sky130_fd_sc_hd__mux4_2 (0) disconnected node: X

Subcircuit pins:
Circuit 1: sky130_fd_sc_hd__mux4_2         |Circuit 2: sky130_fd_sc_hd__mux4_2         
-------------------------------------------|-------------------------------------------
A0                                         |A0                                         
A1                                         |A1                                         
A2                                         |A2                                         
A3                                         |A3                                         
S0                                         |S0                                         
S1                                         |S1                                         
VGND                                       |VGND                                       
VNB                                        |VNB                                        
VPB                                        |VPB                                        
VPWR                                       |VPWR                                       
X                                          |X                                          
---------------------------------------------------------------------------------------
Cell pin lists are equivalent.
Device classes sky130_fd_sc_hd__mux4_2 and sky130_fd_sc_hd__mux4_2 are equivalent.

Cell sky130_fd_sc_hd__or4b_2 (0) disconnected node: A
Cell sky130_fd_sc_hd__or4b_2 (0) disconnected node: B
Cell sky130_fd_sc_hd__or4b_2 (0) disconnected node: C
Cell sky130_fd_sc_hd__or4b_2 (0) disconnected node: D_N
Cell sky130_fd_sc_hd__or4b_2 (0) disconnected node: VGND
Cell sky130_fd_sc_hd__or4b_2 (0) disconnected node: VNB
Cell sky130_fd_sc_hd__or4b_2 (0) disconnected node: VPB
Cell sky130_fd_sc_hd__or4b_2 (0) disconnected node: VPWR
Cell sky130_fd_sc_hd__or4b_2 (0) disconnected node: X

Subcircuit pins:
Circuit 1: sky130_fd_sc_hd__or4b_2         |Circuit 2: sky130_fd_sc_hd__or4b_2         
-------------------------------------------|-------------------------------------------
A                                          |A                                          
B                                          |B                                          
C                                          |C                                          
D_N                                        |D_N                                        
VGND                                       |VGND                                       
VNB                                        |VNB                                        
VPB                                        |VPB                                        
VPWR                                       |VPWR                                       
X                                          |X                                          
---------------------------------------------------------------------------------------
Cell pin lists are equivalent.
Device classes sky130_fd_sc_hd__or4b_2 and sky130_fd_sc_hd__or4b_2 are equivalent.

Cell sky130_fd_sc_hd__dfrtp_2 (0) disconnected node: CLK
Cell sky130_fd_sc_hd__dfrtp_2 (0) disconnected node: D
Cell sky130_fd_sc_hd__dfrtp_2 (0) disconnected node: RESET_B
Cell sky130_fd_sc_hd__dfrtp_2 (0) disconnected node: VGND
Cell sky130_fd_sc_hd__dfrtp_2 (0) disconnected node: VNB
Cell sky130_fd_sc_hd__dfrtp_2 (0) disconnected node: VPB
Cell sky130_fd_sc_hd__dfrtp_2 (0) disconnected node: VPWR
Cell sky130_fd_sc_hd__dfrtp_2 (0) disconnected node: Q

Subcircuit pins:
Circuit 1: sky130_fd_sc_hd__dfrtp_2        |Circuit 2: sky130_fd_sc_hd__dfrtp_2        
-------------------------------------------|-------------------------------------------
CLK                                        |CLK                                        
D                                          |D                                          
RESET_B                                    |RESET_B                                    
VGND                                       |VGND                                       
VNB                                        |VNB                                        
VPB                                        |VPB                                        
VPWR                                       |VPWR                                       
Q                                          |Q                                          
---------------------------------------------------------------------------------------
Cell pin lists are equivalent.
Device classes sky130_fd_sc_hd__dfrtp_2 and sky130_fd_sc_hd__dfrtp_2 are equivalent.

Cell sky130_fd_sc_hd__dlygate4sd1_1 (0) disconnected node: A
Cell sky130_fd_sc_hd__dlygate4sd1_1 (0) disconnected node: VGND
Cell sky130_fd_sc_hd__dlygate4sd1_1 (0) disconnected node: VNB
Cell sky130_fd_sc_hd__dlygate4sd1_1 (0) disconnected node: VPB
Cell sky130_fd_sc_hd__dlygate4sd1_1 (0) disconnected node: VPWR
Cell sky130_fd_sc_hd__dlygate4sd1_1 (0) disconnected node: X

Subcircuit pins:
Circuit 1: sky130_fd_sc_hd__dlygate4sd1_1  |Circuit 2: sky130_fd_sc_hd__dlygate4sd1_1  
-------------------------------------------|-------------------------------------------
A                                          |A                                          
VGND                                       |VGND                                       
VNB                                        |VNB                                        
VPB                                        |VPB                                        
VPWR                                       |VPWR                                       
X                                          |X                                          
---------------------------------------------------------------------------------------
Cell pin lists are equivalent.
Device classes sky130_fd_sc_hd__dlygate4sd1_1 and sky130_fd_sc_hd__dlygate4sd1_1 are equivalent.

Cell sky130_fd_sc_hd__o41a_4 (0) disconnected node: A1
Cell sky130_fd_sc_hd__o41a_4 (0) disconnected node: A2
Cell sky130_fd_sc_hd__o41a_4 (0) disconnected node: A3
Cell sky130_fd_sc_hd__o41a_4 (0) disconnected node: A4
Cell sky130_fd_sc_hd__o41a_4 (0) disconnected node: B1
Cell sky130_fd_sc_hd__o41a_4 (0) disconnected node: VGND
Cell sky130_fd_sc_hd__o41a_4 (0) disconnected node: VNB
Cell sky130_fd_sc_hd__o41a_4 (0) disconnected node: VPB
Cell sky130_fd_sc_hd__o41a_4 (0) disconnected node: VPWR
Cell sky130_fd_sc_hd__o41a_4 (0) disconnected node: X

Subcircuit pins:
Circuit 1: sky130_fd_sc_hd__o41a_4         |Circuit 2: sky130_fd_sc_hd__o41a_4         
-------------------------------------------|-------------------------------------------
A1                                         |A1                                         
A2                                         |A2                                         
A3                                         |A3                                         
A4                                         |A4                                         
B1                                         |B1                                         
VGND                                       |VGND                                       
VNB                                        |VNB                                        
VPB                                        |VPB                                        
VPWR                                       |VPWR                                       
X                                          |X                                          
---------------------------------------------------------------------------------------
Cell pin lists are equivalent.
Device classes sky130_fd_sc_hd__o41a_4 and sky130_fd_sc_hd__o41a_4 are equivalent.

Cell sky130_fd_sc_hd__a22oi_4 (0) disconnected node: A1
Cell sky130_fd_sc_hd__a22oi_4 (0) disconnected node: A2
Cell sky130_fd_sc_hd__a22oi_4 (0) disconnected node: B1
Cell sky130_fd_sc_hd__a22oi_4 (0) disconnected node: B2
Cell sky130_fd_sc_hd__a22oi_4 (0) disconnected node: VGND
Cell sky130_fd_sc_hd__a22oi_4 (0) disconnected node: VNB
Cell sky130_fd_sc_hd__a22oi_4 (0) disconnected node: VPB
Cell sky130_fd_sc_hd__a22oi_4 (0) disconnected node: VPWR
Cell sky130_fd_sc_hd__a22oi_4 (0) disconnected node: Y

Subcircuit pins:
Circuit 1: sky130_fd_sc_hd__a22oi_4        |Circuit 2: sky130_fd_sc_hd__a22oi_4        
-------------------------------------------|-------------------------------------------
A1                                         |A1                                         
A2                                         |A2                                         
B1                                         |B1                                         
B2                                         |B2                                         
VGND                                       |VGND                                       
VNB                                        |VNB                                        
VPB                                        |VPB                                        
VPWR                                       |VPWR                                       
Y                                          |Y                                          
---------------------------------------------------------------------------------------
Cell pin lists are equivalent.
Device classes sky130_fd_sc_hd__a22oi_4 and sky130_fd_sc_hd__a22oi_4 are equivalent.

Cell sky130_fd_sc_hd__a22o_4 (0) disconnected node: A1
Cell sky130_fd_sc_hd__a22o_4 (0) disconnected node: A2
Cell sky130_fd_sc_hd__a22o_4 (0) disconnected node: B1
Cell sky130_fd_sc_hd__a22o_4 (0) disconnected node: B2
Cell sky130_fd_sc_hd__a22o_4 (0) disconnected node: VGND
Cell sky130_fd_sc_hd__a22o_4 (0) disconnected node: VNB
Cell sky130_fd_sc_hd__a22o_4 (0) disconnected node: VPB
Cell sky130_fd_sc_hd__a22o_4 (0) disconnected node: VPWR
Cell sky130_fd_sc_hd__a22o_4 (0) disconnected node: X

Subcircuit pins:
Circuit 1: sky130_fd_sc_hd__a22o_4         |Circuit 2: sky130_fd_sc_hd__a22o_4         
-------------------------------------------|-------------------------------------------
A1                                         |A1                                         
A2                                         |A2                                         
B1                                         |B1                                         
B2                                         |B2                                         
VGND                                       |VGND                                       
VNB                                        |VNB                                        
VPB                                        |VPB                                        
VPWR                                       |VPWR                                       
X                                          |X                                          
---------------------------------------------------------------------------------------
Cell pin lists are equivalent.
Device classes sky130_fd_sc_hd__a22o_4 and sky130_fd_sc_hd__a22o_4 are equivalent.

Cell sky130_fd_sc_hd__nor2_4 (0) disconnected node: A
Cell sky130_fd_sc_hd__nor2_4 (0) disconnected node: B
Cell sky130_fd_sc_hd__nor2_4 (0) disconnected node: VGND
Cell sky130_fd_sc_hd__nor2_4 (0) disconnected node: VNB
Cell sky130_fd_sc_hd__nor2_4 (0) disconnected node: VPB
Cell sky130_fd_sc_hd__nor2_4 (0) disconnected node: VPWR
Cell sky130_fd_sc_hd__nor2_4 (0) disconnected node: Y

Subcircuit pins:
Circuit 1: sky130_fd_sc_hd__nor2_4         |Circuit 2: sky130_fd_sc_hd__nor2_4         
-------------------------------------------|-------------------------------------------
A                                          |A                                          
B                                          |B                                          
VGND                                       |VGND                                       
VNB                                        |VNB                                        
VPB                                        |VPB                                        
VPWR                                       |VPWR                                       
Y                                          |Y                                          
---------------------------------------------------------------------------------------
Cell pin lists are equivalent.
Device classes sky130_fd_sc_hd__nor2_4 and sky130_fd_sc_hd__nor2_4 are equivalent.

Cell sky130_fd_sc_hd__o21ba_4 (0) disconnected node: A1
Cell sky130_fd_sc_hd__o21ba_4 (0) disconnected node: A2
Cell sky130_fd_sc_hd__o21ba_4 (0) disconnected node: B1_N
Cell sky130_fd_sc_hd__o21ba_4 (0) disconnected node: VGND
Cell sky130_fd_sc_hd__o21ba_4 (0) disconnected node: VNB
Cell sky130_fd_sc_hd__o21ba_4 (0) disconnected node: VPB
Cell sky130_fd_sc_hd__o21ba_4 (0) disconnected node: VPWR
Cell sky130_fd_sc_hd__o21ba_4 (0) disconnected node: X

Subcircuit pins:
Circuit 1: sky130_fd_sc_hd__o21ba_4        |Circuit 2: sky130_fd_sc_hd__o21ba_4        
-------------------------------------------|-------------------------------------------
A1                                         |A1                                         
A2                                         |A2                                         
B1_N                                       |B1_N                                       
VGND                                       |VGND                                       
VNB                                        |VNB                                        
VPB                                        |VPB                                        
VPWR                                       |VPWR                                       
X                                          |X                                          
---------------------------------------------------------------------------------------
Cell pin lists are equivalent.
Device classes sky130_fd_sc_hd__o21ba_4 and sky130_fd_sc_hd__o21ba_4 are equivalent.

Cell sky130_fd_sc_hd__inv_12 (0) disconnected node: A
Cell sky130_fd_sc_hd__inv_12 (0) disconnected node: VGND
Cell sky130_fd_sc_hd__inv_12 (0) disconnected node: VNB
Cell sky130_fd_sc_hd__inv_12 (0) disconnected node: VPB
Cell sky130_fd_sc_hd__inv_12 (0) disconnected node: VPWR
Cell sky130_fd_sc_hd__inv_12 (0) disconnected node: Y

Subcircuit pins:
Circuit 1: sky130_fd_sc_hd__inv_12         |Circuit 2: sky130_fd_sc_hd__inv_12         
-------------------------------------------|-------------------------------------------
A                                          |A                                          
VGND                                       |VGND                                       
VNB                                        |VNB                                        
VPB                                        |VPB                                        
VPWR                                       |VPWR                                       
Y                                          |Y                                          
---------------------------------------------------------------------------------------
Cell pin lists are equivalent.
Device classes sky130_fd_sc_hd__inv_12 and sky130_fd_sc_hd__inv_12 are equivalent.

Cell sky130_fd_sc_hd__and2_1 (0) disconnected node: A
Cell sky130_fd_sc_hd__and2_1 (0) disconnected node: B
Cell sky130_fd_sc_hd__and2_1 (0) disconnected node: VGND
Cell sky130_fd_sc_hd__and2_1 (0) disconnected node: VNB
Cell sky130_fd_sc_hd__and2_1 (0) disconnected node: VPB
Cell sky130_fd_sc_hd__and2_1 (0) disconnected node: VPWR
Cell sky130_fd_sc_hd__and2_1 (0) disconnected node: X

Subcircuit pins:
Circuit 1: sky130_fd_sc_hd__and2_1         |Circuit 2: sky130_fd_sc_hd__and2_1         
-------------------------------------------|-------------------------------------------
A                                          |A                                          
B                                          |B                                          
VGND                                       |VGND                                       
VNB                                        |VNB                                        
VPB                                        |VPB                                        
VPWR                                       |VPWR                                       
X                                          |X                                          
---------------------------------------------------------------------------------------
Cell pin lists are equivalent.
Device classes sky130_fd_sc_hd__and2_1 and sky130_fd_sc_hd__and2_1 are equivalent.

Cell sky130_fd_sc_hd__and4_4 (0) disconnected node: A
Cell sky130_fd_sc_hd__and4_4 (0) disconnected node: B
Cell sky130_fd_sc_hd__and4_4 (0) disconnected node: C
Cell sky130_fd_sc_hd__and4_4 (0) disconnected node: D
Cell sky130_fd_sc_hd__and4_4 (0) disconnected node: VGND
Cell sky130_fd_sc_hd__and4_4 (0) disconnected node: VNB
Cell sky130_fd_sc_hd__and4_4 (0) disconnected node: VPB
Cell sky130_fd_sc_hd__and4_4 (0) disconnected node: VPWR
Cell sky130_fd_sc_hd__and4_4 (0) disconnected node: X

Subcircuit pins:
Circuit 1: sky130_fd_sc_hd__and4_4         |Circuit 2: sky130_fd_sc_hd__and4_4         
-------------------------------------------|-------------------------------------------
A                                          |A                                          
B                                          |B                                          
C                                          |C                                          
D                                          |D                                          
VGND                                       |VGND                                       
VNB                                        |VNB                                        
VPB                                        |VPB                                        
VPWR                                       |VPWR                                       
X                                          |X                                          
---------------------------------------------------------------------------------------
Cell pin lists are equivalent.
Device classes sky130_fd_sc_hd__and4_4 and sky130_fd_sc_hd__and4_4 are equivalent.

Cell sky130_fd_sc_hd__dfxtp_4 (0) disconnected node: CLK
Cell sky130_fd_sc_hd__dfxtp_4 (0) disconnected node: D
Cell sky130_fd_sc_hd__dfxtp_4 (0) disconnected node: VGND
Cell sky130_fd_sc_hd__dfxtp_4 (0) disconnected node: VNB
Cell sky130_fd_sc_hd__dfxtp_4 (0) disconnected node: VPB
Cell sky130_fd_sc_hd__dfxtp_4 (0) disconnected node: VPWR
Cell sky130_fd_sc_hd__dfxtp_4 (0) disconnected node: Q

Subcircuit pins:
Circuit 1: sky130_fd_sc_hd__dfxtp_4        |Circuit 2: sky130_fd_sc_hd__dfxtp_4        
-------------------------------------------|-------------------------------------------
CLK                                        |CLK                                        
D                                          |D                                          
VGND                                       |VGND                                       
VNB                                        |VNB                                        
VPB                                        |VPB                                        
VPWR                                       |VPWR                                       
Q                                          |Q                                          
---------------------------------------------------------------------------------------
Cell pin lists are equivalent.
Device classes sky130_fd_sc_hd__dfxtp_4 and sky130_fd_sc_hd__dfxtp_4 are equivalent.

Cell sky130_fd_sc_hd__o2bb2a_4 (0) disconnected node: A1_N
Cell sky130_fd_sc_hd__o2bb2a_4 (0) disconnected node: A2_N
Cell sky130_fd_sc_hd__o2bb2a_4 (0) disconnected node: B1
Cell sky130_fd_sc_hd__o2bb2a_4 (0) disconnected node: B2
Cell sky130_fd_sc_hd__o2bb2a_4 (0) disconnected node: VGND
Cell sky130_fd_sc_hd__o2bb2a_4 (0) disconnected node: VNB
Cell sky130_fd_sc_hd__o2bb2a_4 (0) disconnected node: VPB
Cell sky130_fd_sc_hd__o2bb2a_4 (0) disconnected node: VPWR
Cell sky130_fd_sc_hd__o2bb2a_4 (0) disconnected node: X

Subcircuit pins:
Circuit 1: sky130_fd_sc_hd__o2bb2a_4       |Circuit 2: sky130_fd_sc_hd__o2bb2a_4       
-------------------------------------------|-------------------------------------------
A1_N                                       |A1_N                                       
A2_N                                       |A2_N                                       
B1                                         |B1                                         
B2                                         |B2                                         
VGND                                       |VGND                                       
VNB                                        |VNB                                        
VPB                                        |VPB                                        
VPWR                                       |VPWR                                       
X                                          |X                                          
---------------------------------------------------------------------------------------
Cell pin lists are equivalent.
Device classes sky130_fd_sc_hd__o2bb2a_4 and sky130_fd_sc_hd__o2bb2a_4 are equivalent.

Cell sky130_fd_sc_hd__or2_1 (0) disconnected node: A
Cell sky130_fd_sc_hd__or2_1 (0) disconnected node: B
Cell sky130_fd_sc_hd__or2_1 (0) disconnected node: VGND
Cell sky130_fd_sc_hd__or2_1 (0) disconnected node: VNB
Cell sky130_fd_sc_hd__or2_1 (0) disconnected node: VPB
Cell sky130_fd_sc_hd__or2_1 (0) disconnected node: VPWR
Cell sky130_fd_sc_hd__or2_1 (0) disconnected node: X

Subcircuit pins:
Circuit 1: sky130_fd_sc_hd__or2_1          |Circuit 2: sky130_fd_sc_hd__or2_1          
-------------------------------------------|-------------------------------------------
A                                          |A                                          
B                                          |B                                          
VGND                                       |VGND                                       
VNB                                        |VNB                                        
VPB                                        |VPB                                        
VPWR                                       |VPWR                                       
X                                          |X                                          
---------------------------------------------------------------------------------------
Cell pin lists are equivalent.
Device classes sky130_fd_sc_hd__or2_1 and sky130_fd_sc_hd__or2_1 are equivalent.

Cell sky130_fd_sc_hd__a41o_2 (0) disconnected node: A1
Cell sky130_fd_sc_hd__a41o_2 (0) disconnected node: A2
Cell sky130_fd_sc_hd__a41o_2 (0) disconnected node: A3
Cell sky130_fd_sc_hd__a41o_2 (0) disconnected node: A4
Cell sky130_fd_sc_hd__a41o_2 (0) disconnected node: B1
Cell sky130_fd_sc_hd__a41o_2 (0) disconnected node: VGND
Cell sky130_fd_sc_hd__a41o_2 (0) disconnected node: VNB
Cell sky130_fd_sc_hd__a41o_2 (0) disconnected node: VPB
Cell sky130_fd_sc_hd__a41o_2 (0) disconnected node: VPWR
Cell sky130_fd_sc_hd__a41o_2 (0) disconnected node: X

Subcircuit pins:
Circuit 1: sky130_fd_sc_hd__a41o_2         |Circuit 2: sky130_fd_sc_hd__a41o_2         
-------------------------------------------|-------------------------------------------
A1                                         |A1                                         
A2                                         |A2                                         
A3                                         |A3                                         
A4                                         |A4                                         
B1                                         |B1                                         
VGND                                       |VGND                                       
VNB                                        |VNB                                        
VPB                                        |VPB                                        
VPWR                                       |VPWR                                       
X                                          |X                                          
---------------------------------------------------------------------------------------
Cell pin lists are equivalent.
Device classes sky130_fd_sc_hd__a41o_2 and sky130_fd_sc_hd__a41o_2 are equivalent.

Cell sky130_fd_sc_hd__a41o_4 (0) disconnected node: A1
Cell sky130_fd_sc_hd__a41o_4 (0) disconnected node: A2
Cell sky130_fd_sc_hd__a41o_4 (0) disconnected node: A3
Cell sky130_fd_sc_hd__a41o_4 (0) disconnected node: A4
Cell sky130_fd_sc_hd__a41o_4 (0) disconnected node: B1
Cell sky130_fd_sc_hd__a41o_4 (0) disconnected node: VGND
Cell sky130_fd_sc_hd__a41o_4 (0) disconnected node: VNB
Cell sky130_fd_sc_hd__a41o_4 (0) disconnected node: VPB
Cell sky130_fd_sc_hd__a41o_4 (0) disconnected node: VPWR
Cell sky130_fd_sc_hd__a41o_4 (0) disconnected node: X

Subcircuit pins:
Circuit 1: sky130_fd_sc_hd__a41o_4         |Circuit 2: sky130_fd_sc_hd__a41o_4         
-------------------------------------------|-------------------------------------------
A1                                         |A1                                         
A2                                         |A2                                         
A3                                         |A3                                         
A4                                         |A4                                         
B1                                         |B1                                         
VGND                                       |VGND                                       
VNB                                        |VNB                                        
VPB                                        |VPB                                        
VPWR                                       |VPWR                                       
X                                          |X                                          
---------------------------------------------------------------------------------------
Cell pin lists are equivalent.
Device classes sky130_fd_sc_hd__a41o_4 and sky130_fd_sc_hd__a41o_4 are equivalent.

Cell sky130_fd_sc_hd__o22ai_2 (0) disconnected node: A1
Cell sky130_fd_sc_hd__o22ai_2 (0) disconnected node: A2
Cell sky130_fd_sc_hd__o22ai_2 (0) disconnected node: B1
Cell sky130_fd_sc_hd__o22ai_2 (0) disconnected node: B2
Cell sky130_fd_sc_hd__o22ai_2 (0) disconnected node: VGND
Cell sky130_fd_sc_hd__o22ai_2 (0) disconnected node: VNB
Cell sky130_fd_sc_hd__o22ai_2 (0) disconnected node: VPB
Cell sky130_fd_sc_hd__o22ai_2 (0) disconnected node: VPWR
Cell sky130_fd_sc_hd__o22ai_2 (0) disconnected node: Y

Subcircuit pins:
Circuit 1: sky130_fd_sc_hd__o22ai_2        |Circuit 2: sky130_fd_sc_hd__o22ai_2        
-------------------------------------------|-------------------------------------------
A1                                         |A1                                         
A2                                         |A2                                         
B1                                         |B1                                         
B2                                         |B2                                         
VGND                                       |VGND                                       
VNB                                        |VNB                                        
VPB                                        |VPB                                        
VPWR                                       |VPWR                                       
Y                                          |Y                                          
---------------------------------------------------------------------------------------
Cell pin lists are equivalent.
Device classes sky130_fd_sc_hd__o22ai_2 and sky130_fd_sc_hd__o22ai_2 are equivalent.

Cell sky130_fd_sc_hd__clkinv_1 (0) disconnected node: A
Cell sky130_fd_sc_hd__clkinv_1 (0) disconnected node: VGND
Cell sky130_fd_sc_hd__clkinv_1 (0) disconnected node: VNB
Cell sky130_fd_sc_hd__clkinv_1 (0) disconnected node: VPB
Cell sky130_fd_sc_hd__clkinv_1 (0) disconnected node: VPWR
Cell sky130_fd_sc_hd__clkinv_1 (0) disconnected node: Y

Subcircuit pins:
Circuit 1: sky130_fd_sc_hd__clkinv_1       |Circuit 2: sky130_fd_sc_hd__clkinv_1       
-------------------------------------------|-------------------------------------------
A                                          |A                                          
VGND                                       |VGND                                       
VNB                                        |VNB                                        
VPB                                        |VPB                                        
VPWR                                       |VPWR                                       
Y                                          |Y                                          
---------------------------------------------------------------------------------------
Cell pin lists are equivalent.
Device classes sky130_fd_sc_hd__clkinv_1 and sky130_fd_sc_hd__clkinv_1 are equivalent.

Cell sky130_fd_sc_hd__dfstp_2 (0) disconnected node: CLK
Cell sky130_fd_sc_hd__dfstp_2 (0) disconnected node: D
Cell sky130_fd_sc_hd__dfstp_2 (0) disconnected node: SET_B
Cell sky130_fd_sc_hd__dfstp_2 (0) disconnected node: VGND
Cell sky130_fd_sc_hd__dfstp_2 (0) disconnected node: VNB
Cell sky130_fd_sc_hd__dfstp_2 (0) disconnected node: VPB
Cell sky130_fd_sc_hd__dfstp_2 (0) disconnected node: VPWR
Cell sky130_fd_sc_hd__dfstp_2 (0) disconnected node: Q

Subcircuit pins:
Circuit 1: sky130_fd_sc_hd__dfstp_2        |Circuit 2: sky130_fd_sc_hd__dfstp_2        
-------------------------------------------|-------------------------------------------
CLK                                        |CLK                                        
D                                          |D                                          
SET_B                                      |SET_B                                      
VGND                                       |VGND                                       
VNB                                        |VNB                                        
VPB                                        |VPB                                        
VPWR                                       |VPWR                                       
Q                                          |Q                                          
---------------------------------------------------------------------------------------
Cell pin lists are equivalent.
Device classes sky130_fd_sc_hd__dfstp_2 and sky130_fd_sc_hd__dfstp_2 are equivalent.

Cell sky130_fd_sc_hd__a2111oi_2 (0) disconnected node: A1
Cell sky130_fd_sc_hd__a2111oi_2 (0) disconnected node: A2
Cell sky130_fd_sc_hd__a2111oi_2 (0) disconnected node: B1
Cell sky130_fd_sc_hd__a2111oi_2 (0) disconnected node: C1
Cell sky130_fd_sc_hd__a2111oi_2 (0) disconnected node: D1
Cell sky130_fd_sc_hd__a2111oi_2 (0) disconnected node: VGND
Cell sky130_fd_sc_hd__a2111oi_2 (0) disconnected node: VNB
Cell sky130_fd_sc_hd__a2111oi_2 (0) disconnected node: VPB
Cell sky130_fd_sc_hd__a2111oi_2 (0) disconnected node: VPWR
Cell sky130_fd_sc_hd__a2111oi_2 (0) disconnected node: Y

Subcircuit pins:
Circuit 1: sky130_fd_sc_hd__a2111oi_2      |Circuit 2: sky130_fd_sc_hd__a2111oi_2      
-------------------------------------------|-------------------------------------------
A1                                         |A1                                         
A2                                         |A2                                         
B1                                         |B1                                         
C1                                         |C1                                         
D1                                         |D1                                         
VGND                                       |VGND                                       
VNB                                        |VNB                                        
VPB                                        |VPB                                        
VPWR                                       |VPWR                                       
Y                                          |Y                                          
---------------------------------------------------------------------------------------
Cell pin lists are equivalent.
Device classes sky130_fd_sc_hd__a2111oi_2 and sky130_fd_sc_hd__a2111oi_2 are equivalent.

Cell sky130_fd_sc_hd__clkbuf_2 (0) disconnected node: A
Cell sky130_fd_sc_hd__clkbuf_2 (0) disconnected node: VGND
Cell sky130_fd_sc_hd__clkbuf_2 (0) disconnected node: VNB
Cell sky130_fd_sc_hd__clkbuf_2 (0) disconnected node: VPB
Cell sky130_fd_sc_hd__clkbuf_2 (0) disconnected node: VPWR
Cell sky130_fd_sc_hd__clkbuf_2 (0) disconnected node: X

Subcircuit pins:
Circuit 1: sky130_fd_sc_hd__clkbuf_2       |Circuit 2: sky130_fd_sc_hd__clkbuf_2       
-------------------------------------------|-------------------------------------------
A                                          |A                                          
VGND                                       |VGND                                       
VNB                                        |VNB                                        
VPB                                        |VPB                                        
VPWR                                       |VPWR                                       
X                                          |X                                          
---------------------------------------------------------------------------------------
Cell pin lists are equivalent.
Device classes sky130_fd_sc_hd__clkbuf_2 and sky130_fd_sc_hd__clkbuf_2 are equivalent.

Cell sky130_fd_sc_hd__nand2_4 (0) disconnected node: A
Cell sky130_fd_sc_hd__nand2_4 (0) disconnected node: B
Cell sky130_fd_sc_hd__nand2_4 (0) disconnected node: VGND
Cell sky130_fd_sc_hd__nand2_4 (0) disconnected node: VNB
Cell sky130_fd_sc_hd__nand2_4 (0) disconnected node: VPB
Cell sky130_fd_sc_hd__nand2_4 (0) disconnected node: VPWR
Cell sky130_fd_sc_hd__nand2_4 (0) disconnected node: Y

Subcircuit pins:
Circuit 1: sky130_fd_sc_hd__nand2_4        |Circuit 2: sky130_fd_sc_hd__nand2_4        
-------------------------------------------|-------------------------------------------
A                                          |A                                          
B                                          |B                                          
VGND                                       |VGND                                       
VNB                                        |VNB                                        
VPB                                        |VPB                                        
VPWR                                       |VPWR                                       
Y                                          |Y                                          
---------------------------------------------------------------------------------------
Cell pin lists are equivalent.
Device classes sky130_fd_sc_hd__nand2_4 and sky130_fd_sc_hd__nand2_4 are equivalent.

Cell sky130_fd_sc_hd__dlxtp_1 (0) disconnected node: D
Cell sky130_fd_sc_hd__dlxtp_1 (0) disconnected node: GATE
Cell sky130_fd_sc_hd__dlxtp_1 (0) disconnected node: VGND
Cell sky130_fd_sc_hd__dlxtp_1 (0) disconnected node: VNB
Cell sky130_fd_sc_hd__dlxtp_1 (0) disconnected node: VPB
Cell sky130_fd_sc_hd__dlxtp_1 (0) disconnected node: VPWR
Cell sky130_fd_sc_hd__dlxtp_1 (0) disconnected node: Q

Subcircuit pins:
Circuit 1: sky130_fd_sc_hd__dlxtp_1        |Circuit 2: sky130_fd_sc_hd__dlxtp_1        
-------------------------------------------|-------------------------------------------
D                                          |D                                          
GATE                                       |GATE                                       
VGND                                       |VGND                                       
VNB                                        |VNB                                        
VPB                                        |VPB                                        
VPWR                                       |VPWR                                       
Q                                          |Q                                          
---------------------------------------------------------------------------------------
Cell pin lists are equivalent.
Device classes sky130_fd_sc_hd__dlxtp_1 and sky130_fd_sc_hd__dlxtp_1 are equivalent.

Cell sky130_fd_sc_hd__or2_4 (0) disconnected node: A
Cell sky130_fd_sc_hd__or2_4 (0) disconnected node: B
Cell sky130_fd_sc_hd__or2_4 (0) disconnected node: VGND
Cell sky130_fd_sc_hd__or2_4 (0) disconnected node: VNB
Cell sky130_fd_sc_hd__or2_4 (0) disconnected node: VPB
Cell sky130_fd_sc_hd__or2_4 (0) disconnected node: VPWR
Cell sky130_fd_sc_hd__or2_4 (0) disconnected node: X

Subcircuit pins:
Circuit 1: sky130_fd_sc_hd__or2_4          |Circuit 2: sky130_fd_sc_hd__or2_4          
-------------------------------------------|-------------------------------------------
A                                          |A                                          
B                                          |B                                          
VGND                                       |VGND                                       
VNB                                        |VNB                                        
VPB                                        |VPB                                        
VPWR                                       |VPWR                                       
X                                          |X                                          
---------------------------------------------------------------------------------------
Cell pin lists are equivalent.
Device classes sky130_fd_sc_hd__or2_4 and sky130_fd_sc_hd__or2_4 are equivalent.

Cell sky130_fd_sc_hd__nand3_2 (0) disconnected node: A
Cell sky130_fd_sc_hd__nand3_2 (0) disconnected node: B
Cell sky130_fd_sc_hd__nand3_2 (0) disconnected node: C
Cell sky130_fd_sc_hd__nand3_2 (0) disconnected node: VGND
Cell sky130_fd_sc_hd__nand3_2 (0) disconnected node: VNB
Cell sky130_fd_sc_hd__nand3_2 (0) disconnected node: VPB
Cell sky130_fd_sc_hd__nand3_2 (0) disconnected node: VPWR
Cell sky130_fd_sc_hd__nand3_2 (0) disconnected node: Y

Subcircuit pins:
Circuit 1: sky130_fd_sc_hd__nand3_2        |Circuit 2: sky130_fd_sc_hd__nand3_2        
-------------------------------------------|-------------------------------------------
A                                          |A                                          
B                                          |B                                          
C                                          |C                                          
VGND                                       |VGND                                       
VNB                                        |VNB                                        
VPB                                        |VPB                                        
VPWR                                       |VPWR                                       
Y                                          |Y                                          
---------------------------------------------------------------------------------------
Cell pin lists are equivalent.
Device classes sky130_fd_sc_hd__nand3_2 and sky130_fd_sc_hd__nand3_2 are equivalent.

Cell sky130_fd_sc_hd__a211oi_2 (0) disconnected node: A1
Cell sky130_fd_sc_hd__a211oi_2 (0) disconnected node: A2
Cell sky130_fd_sc_hd__a211oi_2 (0) disconnected node: B1
Cell sky130_fd_sc_hd__a211oi_2 (0) disconnected node: C1
Cell sky130_fd_sc_hd__a211oi_2 (0) disconnected node: VGND
Cell sky130_fd_sc_hd__a211oi_2 (0) disconnected node: VNB
Cell sky130_fd_sc_hd__a211oi_2 (0) disconnected node: VPB
Cell sky130_fd_sc_hd__a211oi_2 (0) disconnected node: VPWR
Cell sky130_fd_sc_hd__a211oi_2 (0) disconnected node: Y

Subcircuit pins:
Circuit 1: sky130_fd_sc_hd__a211oi_2       |Circuit 2: sky130_fd_sc_hd__a211oi_2       
-------------------------------------------|-------------------------------------------
A1                                         |A1                                         
A2                                         |A2                                         
B1                                         |B1                                         
C1                                         |C1                                         
VGND                                       |VGND                                       
VNB                                        |VNB                                        
VPB                                        |VPB                                        
VPWR                                       |VPWR                                       
Y                                          |Y                                          
---------------------------------------------------------------------------------------
Cell pin lists are equivalent.
Device classes sky130_fd_sc_hd__a211oi_2 and sky130_fd_sc_hd__a211oi_2 are equivalent.

Cell sky130_fd_sc_hd__a21o_4 (0) disconnected node: A1
Cell sky130_fd_sc_hd__a21o_4 (0) disconnected node: A2
Cell sky130_fd_sc_hd__a21o_4 (0) disconnected node: B1
Cell sky130_fd_sc_hd__a21o_4 (0) disconnected node: VGND
Cell sky130_fd_sc_hd__a21o_4 (0) disconnected node: VNB
Cell sky130_fd_sc_hd__a21o_4 (0) disconnected node: VPB
Cell sky130_fd_sc_hd__a21o_4 (0) disconnected node: VPWR
Cell sky130_fd_sc_hd__a21o_4 (0) disconnected node: X

Subcircuit pins:
Circuit 1: sky130_fd_sc_hd__a21o_4         |Circuit 2: sky130_fd_sc_hd__a21o_4         
-------------------------------------------|-------------------------------------------
A1                                         |A1                                         
A2                                         |A2                                         
B1                                         |B1                                         
VGND                                       |VGND                                       
VNB                                        |VNB                                        
VPB                                        |VPB                                        
VPWR                                       |VPWR                                       
X                                          |X                                          
---------------------------------------------------------------------------------------
Cell pin lists are equivalent.
Device classes sky130_fd_sc_hd__a21o_4 and sky130_fd_sc_hd__a21o_4 are equivalent.

Cell sky130_fd_sc_hd__a2111o_2 (0) disconnected node: A1
Cell sky130_fd_sc_hd__a2111o_2 (0) disconnected node: A2
Cell sky130_fd_sc_hd__a2111o_2 (0) disconnected node: B1
Cell sky130_fd_sc_hd__a2111o_2 (0) disconnected node: C1
Cell sky130_fd_sc_hd__a2111o_2 (0) disconnected node: D1
Cell sky130_fd_sc_hd__a2111o_2 (0) disconnected node: VGND
Cell sky130_fd_sc_hd__a2111o_2 (0) disconnected node: VNB
Cell sky130_fd_sc_hd__a2111o_2 (0) disconnected node: VPB
Cell sky130_fd_sc_hd__a2111o_2 (0) disconnected node: VPWR
Cell sky130_fd_sc_hd__a2111o_2 (0) disconnected node: X

Subcircuit pins:
Circuit 1: sky130_fd_sc_hd__a2111o_2       |Circuit 2: sky130_fd_sc_hd__a2111o_2       
-------------------------------------------|-------------------------------------------
A1                                         |A1                                         
A2                                         |A2                                         
B1                                         |B1                                         
C1                                         |C1                                         
D1                                         |D1                                         
VGND                                       |VGND                                       
VNB                                        |VNB                                        
VPB                                        |VPB                                        
VPWR                                       |VPWR                                       
X                                          |X                                          
---------------------------------------------------------------------------------------
Cell pin lists are equivalent.
Device classes sky130_fd_sc_hd__a2111o_2 and sky130_fd_sc_hd__a2111o_2 are equivalent.

Cell sky130_fd_sc_hd__a311oi_2 (0) disconnected node: A1
Cell sky130_fd_sc_hd__a311oi_2 (0) disconnected node: A2
Cell sky130_fd_sc_hd__a311oi_2 (0) disconnected node: A3
Cell sky130_fd_sc_hd__a311oi_2 (0) disconnected node: B1
Cell sky130_fd_sc_hd__a311oi_2 (0) disconnected node: C1
Cell sky130_fd_sc_hd__a311oi_2 (0) disconnected node: VGND
Cell sky130_fd_sc_hd__a311oi_2 (0) disconnected node: VNB
Cell sky130_fd_sc_hd__a311oi_2 (0) disconnected node: VPB
Cell sky130_fd_sc_hd__a311oi_2 (0) disconnected node: VPWR
Cell sky130_fd_sc_hd__a311oi_2 (0) disconnected node: Y

Subcircuit pins:
Circuit 1: sky130_fd_sc_hd__a311oi_2       |Circuit 2: sky130_fd_sc_hd__a311oi_2       
-------------------------------------------|-------------------------------------------
A1                                         |A1                                         
A2                                         |A2                                         
A3                                         |A3                                         
B1                                         |B1                                         
C1                                         |C1                                         
VGND                                       |VGND                                       
VNB                                        |VNB                                        
VPB                                        |VPB                                        
VPWR                                       |VPWR                                       
Y                                          |Y                                          
---------------------------------------------------------------------------------------
Cell pin lists are equivalent.
Device classes sky130_fd_sc_hd__a311oi_2 and sky130_fd_sc_hd__a311oi_2 are equivalent.

Cell sky130_fd_sc_hd__or4b_4 (0) disconnected node: A
Cell sky130_fd_sc_hd__or4b_4 (0) disconnected node: B
Cell sky130_fd_sc_hd__or4b_4 (0) disconnected node: C
Cell sky130_fd_sc_hd__or4b_4 (0) disconnected node: D_N
Cell sky130_fd_sc_hd__or4b_4 (0) disconnected node: VGND
Cell sky130_fd_sc_hd__or4b_4 (0) disconnected node: VNB
Cell sky130_fd_sc_hd__or4b_4 (0) disconnected node: VPB
Cell sky130_fd_sc_hd__or4b_4 (0) disconnected node: VPWR
Cell sky130_fd_sc_hd__or4b_4 (0) disconnected node: X

Subcircuit pins:
Circuit 1: sky130_fd_sc_hd__or4b_4         |Circuit 2: sky130_fd_sc_hd__or4b_4         
-------------------------------------------|-------------------------------------------
A                                          |A                                          
B                                          |B                                          
C                                          |C                                          
D_N                                        |D_N                                        
VGND                                       |VGND                                       
VNB                                        |VNB                                        
VPB                                        |VPB                                        
VPWR                                       |VPWR                                       
X                                          |X                                          
---------------------------------------------------------------------------------------
Cell pin lists are equivalent.
Device classes sky130_fd_sc_hd__or4b_4 and sky130_fd_sc_hd__or4b_4 are equivalent.

Cell sky130_fd_sc_hd__and2b_2 (0) disconnected node: A_N
Cell sky130_fd_sc_hd__and2b_2 (0) disconnected node: B
Cell sky130_fd_sc_hd__and2b_2 (0) disconnected node: VGND
Cell sky130_fd_sc_hd__and2b_2 (0) disconnected node: VNB
Cell sky130_fd_sc_hd__and2b_2 (0) disconnected node: VPB
Cell sky130_fd_sc_hd__and2b_2 (0) disconnected node: VPWR
Cell sky130_fd_sc_hd__and2b_2 (0) disconnected node: X

Subcircuit pins:
Circuit 1: sky130_fd_sc_hd__and2b_2        |Circuit 2: sky130_fd_sc_hd__and2b_2        
-------------------------------------------|-------------------------------------------
A_N                                        |A_N                                        
B                                          |B                                          
VGND                                       |VGND                                       
VNB                                        |VNB                                        
VPB                                        |VPB                                        
VPWR                                       |VPWR                                       
X                                          |X                                          
---------------------------------------------------------------------------------------
Cell pin lists are equivalent.
Device classes sky130_fd_sc_hd__and2b_2 and sky130_fd_sc_hd__and2b_2 are equivalent.

Cell sky130_fd_sc_hd__and3b_2 (0) disconnected node: A_N
Cell sky130_fd_sc_hd__and3b_2 (0) disconnected node: B
Cell sky130_fd_sc_hd__and3b_2 (0) disconnected node: C
Cell sky130_fd_sc_hd__and3b_2 (0) disconnected node: VGND
Cell sky130_fd_sc_hd__and3b_2 (0) disconnected node: VNB
Cell sky130_fd_sc_hd__and3b_2 (0) disconnected node: VPB
Cell sky130_fd_sc_hd__and3b_2 (0) disconnected node: VPWR
Cell sky130_fd_sc_hd__and3b_2 (0) disconnected node: X

Subcircuit pins:
Circuit 1: sky130_fd_sc_hd__and3b_2        |Circuit 2: sky130_fd_sc_hd__and3b_2        
-------------------------------------------|-------------------------------------------
A_N                                        |A_N                                        
B                                          |B                                          
C                                          |C                                          
VGND                                       |VGND                                       
VNB                                        |VNB                                        
VPB                                        |VPB                                        
VPWR                                       |VPWR                                       
X                                          |X                                          
---------------------------------------------------------------------------------------
Cell pin lists are equivalent.
Device classes sky130_fd_sc_hd__and3b_2 and sky130_fd_sc_hd__and3b_2 are equivalent.

Cell sky130_fd_sc_hd__nand2_8 (0) disconnected node: A
Cell sky130_fd_sc_hd__nand2_8 (0) disconnected node: B
Cell sky130_fd_sc_hd__nand2_8 (0) disconnected node: VGND
Cell sky130_fd_sc_hd__nand2_8 (0) disconnected node: VNB
Cell sky130_fd_sc_hd__nand2_8 (0) disconnected node: VPB
Cell sky130_fd_sc_hd__nand2_8 (0) disconnected node: VPWR
Cell sky130_fd_sc_hd__nand2_8 (0) disconnected node: Y

Subcircuit pins:
Circuit 1: sky130_fd_sc_hd__nand2_8        |Circuit 2: sky130_fd_sc_hd__nand2_8        
-------------------------------------------|-------------------------------------------
A                                          |A                                          
B                                          |B                                          
VGND                                       |VGND                                       
VNB                                        |VNB                                        
VPB                                        |VPB                                        
VPWR                                       |VPWR                                       
Y                                          |Y                                          
---------------------------------------------------------------------------------------
Cell pin lists are equivalent.
Device classes sky130_fd_sc_hd__nand2_8 and sky130_fd_sc_hd__nand2_8 are equivalent.

Cell sky130_fd_sc_hd__and4bb_2 (0) disconnected node: A_N
Cell sky130_fd_sc_hd__and4bb_2 (0) disconnected node: B_N
Cell sky130_fd_sc_hd__and4bb_2 (0) disconnected node: C
Cell sky130_fd_sc_hd__and4bb_2 (0) disconnected node: D
Cell sky130_fd_sc_hd__and4bb_2 (0) disconnected node: VGND
Cell sky130_fd_sc_hd__and4bb_2 (0) disconnected node: VNB
Cell sky130_fd_sc_hd__and4bb_2 (0) disconnected node: VPB
Cell sky130_fd_sc_hd__and4bb_2 (0) disconnected node: VPWR
Cell sky130_fd_sc_hd__and4bb_2 (0) disconnected node: X

Subcircuit pins:
Circuit 1: sky130_fd_sc_hd__and4bb_2       |Circuit 2: sky130_fd_sc_hd__and4bb_2       
-------------------------------------------|-------------------------------------------
A_N                                        |A_N                                        
B_N                                        |B_N                                        
C                                          |C                                          
D                                          |D                                          
VGND                                       |VGND                                       
VNB                                        |VNB                                        
VPB                                        |VPB                                        
VPWR                                       |VPWR                                       
X                                          |X                                          
---------------------------------------------------------------------------------------
Cell pin lists are equivalent.
Device classes sky130_fd_sc_hd__and4bb_2 and sky130_fd_sc_hd__and4bb_2 are equivalent.

Cell sky130_fd_sc_hd__or3_2 (0) disconnected node: A
Cell sky130_fd_sc_hd__or3_2 (0) disconnected node: B
Cell sky130_fd_sc_hd__or3_2 (0) disconnected node: C
Cell sky130_fd_sc_hd__or3_2 (0) disconnected node: VGND
Cell sky130_fd_sc_hd__or3_2 (0) disconnected node: VNB
Cell sky130_fd_sc_hd__or3_2 (0) disconnected node: VPB
Cell sky130_fd_sc_hd__or3_2 (0) disconnected node: VPWR
Cell sky130_fd_sc_hd__or3_2 (0) disconnected node: X

Subcircuit pins:
Circuit 1: sky130_fd_sc_hd__or3_2          |Circuit 2: sky130_fd_sc_hd__or3_2          
-------------------------------------------|-------------------------------------------
A                                          |A                                          
B                                          |B                                          
C                                          |C                                          
VGND                                       |VGND                                       
VNB                                        |VNB                                        
VPB                                        |VPB                                        
VPWR                                       |VPWR                                       
X                                          |X                                          
---------------------------------------------------------------------------------------
Cell pin lists are equivalent.
Device classes sky130_fd_sc_hd__or3_2 and sky130_fd_sc_hd__or3_2 are equivalent.

Cell sky130_fd_sc_hd__o41ai_4 (0) disconnected node: A1
Cell sky130_fd_sc_hd__o41ai_4 (0) disconnected node: A2
Cell sky130_fd_sc_hd__o41ai_4 (0) disconnected node: A3
Cell sky130_fd_sc_hd__o41ai_4 (0) disconnected node: A4
Cell sky130_fd_sc_hd__o41ai_4 (0) disconnected node: B1
Cell sky130_fd_sc_hd__o41ai_4 (0) disconnected node: VGND
Cell sky130_fd_sc_hd__o41ai_4 (0) disconnected node: VNB
Cell sky130_fd_sc_hd__o41ai_4 (0) disconnected node: VPB
Cell sky130_fd_sc_hd__o41ai_4 (0) disconnected node: VPWR
Cell sky130_fd_sc_hd__o41ai_4 (0) disconnected node: Y

Subcircuit pins:
Circuit 1: sky130_fd_sc_hd__o41ai_4        |Circuit 2: sky130_fd_sc_hd__o41ai_4        
-------------------------------------------|-------------------------------------------
A1                                         |A1                                         
A2                                         |A2                                         
A3                                         |A3                                         
A4                                         |A4                                         
B1                                         |B1                                         
VGND                                       |VGND                                       
VNB                                        |VNB                                        
VPB                                        |VPB                                        
VPWR                                       |VPWR                                       
Y                                          |Y                                          
---------------------------------------------------------------------------------------
Cell pin lists are equivalent.
Device classes sky130_fd_sc_hd__o41ai_4 and sky130_fd_sc_hd__o41ai_4 are equivalent.

Cell sky130_fd_sc_hd__clkbuf_1 (0) disconnected node: A
Cell sky130_fd_sc_hd__clkbuf_1 (0) disconnected node: VGND
Cell sky130_fd_sc_hd__clkbuf_1 (0) disconnected node: VNB
Cell sky130_fd_sc_hd__clkbuf_1 (0) disconnected node: VPB
Cell sky130_fd_sc_hd__clkbuf_1 (0) disconnected node: VPWR
Cell sky130_fd_sc_hd__clkbuf_1 (0) disconnected node: X

Subcircuit pins:
Circuit 1: sky130_fd_sc_hd__clkbuf_1       |Circuit 2: sky130_fd_sc_hd__clkbuf_1       
-------------------------------------------|-------------------------------------------
A                                          |A                                          
VGND                                       |VGND                                       
VNB                                        |VNB                                        
VPB                                        |VPB                                        
VPWR                                       |VPWR                                       
X                                          |X                                          
---------------------------------------------------------------------------------------
Cell pin lists are equivalent.
Device classes sky130_fd_sc_hd__clkbuf_1 and sky130_fd_sc_hd__clkbuf_1 are equivalent.

Cell sky130_fd_sc_hd__a311o_2 (0) disconnected node: A1
Cell sky130_fd_sc_hd__a311o_2 (0) disconnected node: A2
Cell sky130_fd_sc_hd__a311o_2 (0) disconnected node: A3
Cell sky130_fd_sc_hd__a311o_2 (0) disconnected node: B1
Cell sky130_fd_sc_hd__a311o_2 (0) disconnected node: C1
Cell sky130_fd_sc_hd__a311o_2 (0) disconnected node: VGND
Cell sky130_fd_sc_hd__a311o_2 (0) disconnected node: VNB
Cell sky130_fd_sc_hd__a311o_2 (0) disconnected node: VPB
Cell sky130_fd_sc_hd__a311o_2 (0) disconnected node: VPWR
Cell sky130_fd_sc_hd__a311o_2 (0) disconnected node: X

Subcircuit pins:
Circuit 1: sky130_fd_sc_hd__a311o_2        |Circuit 2: sky130_fd_sc_hd__a311o_2        
-------------------------------------------|-------------------------------------------
A1                                         |A1                                         
A2                                         |A2                                         
A3                                         |A3                                         
B1                                         |B1                                         
C1                                         |C1                                         
VGND                                       |VGND                                       
VNB                                        |VNB                                        
VPB                                        |VPB                                        
VPWR                                       |VPWR                                       
X                                          |X                                          
---------------------------------------------------------------------------------------
Cell pin lists are equivalent.
Device classes sky130_fd_sc_hd__a311o_2 and sky130_fd_sc_hd__a311o_2 are equivalent.

Cell sky130_fd_sc_hd__a211o_4 (0) disconnected node: A1
Cell sky130_fd_sc_hd__a211o_4 (0) disconnected node: A2
Cell sky130_fd_sc_hd__a211o_4 (0) disconnected node: B1
Cell sky130_fd_sc_hd__a211o_4 (0) disconnected node: C1
Cell sky130_fd_sc_hd__a211o_4 (0) disconnected node: VGND
Cell sky130_fd_sc_hd__a211o_4 (0) disconnected node: VNB
Cell sky130_fd_sc_hd__a211o_4 (0) disconnected node: VPB
Cell sky130_fd_sc_hd__a211o_4 (0) disconnected node: VPWR
Cell sky130_fd_sc_hd__a211o_4 (0) disconnected node: X

Subcircuit pins:
Circuit 1: sky130_fd_sc_hd__a211o_4        |Circuit 2: sky130_fd_sc_hd__a211o_4        
-------------------------------------------|-------------------------------------------
A1                                         |A1                                         
A2                                         |A2                                         
B1                                         |B1                                         
C1                                         |C1                                         
VGND                                       |VGND                                       
VNB                                        |VNB                                        
VPB                                        |VPB                                        
VPWR                                       |VPWR                                       
X                                          |X                                          
---------------------------------------------------------------------------------------
Cell pin lists are equivalent.
Device classes sky130_fd_sc_hd__a211o_4 and sky130_fd_sc_hd__a211o_4 are equivalent.

Cell sky130_fd_sc_hd__or4bb_2 (0) disconnected node: A
Cell sky130_fd_sc_hd__or4bb_2 (0) disconnected node: B
Cell sky130_fd_sc_hd__or4bb_2 (0) disconnected node: C_N
Cell sky130_fd_sc_hd__or4bb_2 (0) disconnected node: D_N
Cell sky130_fd_sc_hd__or4bb_2 (0) disconnected node: VGND
Cell sky130_fd_sc_hd__or4bb_2 (0) disconnected node: VNB
Cell sky130_fd_sc_hd__or4bb_2 (0) disconnected node: VPB
Cell sky130_fd_sc_hd__or4bb_2 (0) disconnected node: VPWR
Cell sky130_fd_sc_hd__or4bb_2 (0) disconnected node: X

Subcircuit pins:
Circuit 1: sky130_fd_sc_hd__or4bb_2        |Circuit 2: sky130_fd_sc_hd__or4bb_2        
-------------------------------------------|-------------------------------------------
A                                          |A                                          
B                                          |B                                          
C_N                                        |C_N                                        
D_N                                        |D_N                                        
VGND                                       |VGND                                       
VNB                                        |VNB                                        
VPB                                        |VPB                                        
VPWR                                       |VPWR                                       
X                                          |X                                          
---------------------------------------------------------------------------------------
Cell pin lists are equivalent.
Device classes sky130_fd_sc_hd__or4bb_2 and sky130_fd_sc_hd__or4bb_2 are equivalent.

Cell sky130_fd_sc_hd__a211oi_4 (0) disconnected node: A1
Cell sky130_fd_sc_hd__a211oi_4 (0) disconnected node: A2
Cell sky130_fd_sc_hd__a211oi_4 (0) disconnected node: B1
Cell sky130_fd_sc_hd__a211oi_4 (0) disconnected node: C1
Cell sky130_fd_sc_hd__a211oi_4 (0) disconnected node: VGND
Cell sky130_fd_sc_hd__a211oi_4 (0) disconnected node: VNB
Cell sky130_fd_sc_hd__a211oi_4 (0) disconnected node: VPB
Cell sky130_fd_sc_hd__a211oi_4 (0) disconnected node: VPWR
Cell sky130_fd_sc_hd__a211oi_4 (0) disconnected node: Y

Subcircuit pins:
Circuit 1: sky130_fd_sc_hd__a211oi_4       |Circuit 2: sky130_fd_sc_hd__a211oi_4       
-------------------------------------------|-------------------------------------------
A1                                         |A1                                         
A2                                         |A2                                         
B1                                         |B1                                         
C1                                         |C1                                         
VGND                                       |VGND                                       
VNB                                        |VNB                                        
VPB                                        |VPB                                        
VPWR                                       |VPWR                                       
Y                                          |Y                                          
---------------------------------------------------------------------------------------
Cell pin lists are equivalent.
Device classes sky130_fd_sc_hd__a211oi_4 and sky130_fd_sc_hd__a211oi_4 are equivalent.

Cell sky130_fd_sc_hd__dfstp_1 (0) disconnected node: CLK
Cell sky130_fd_sc_hd__dfstp_1 (0) disconnected node: D
Cell sky130_fd_sc_hd__dfstp_1 (0) disconnected node: SET_B
Cell sky130_fd_sc_hd__dfstp_1 (0) disconnected node: VGND
Cell sky130_fd_sc_hd__dfstp_1 (0) disconnected node: VNB
Cell sky130_fd_sc_hd__dfstp_1 (0) disconnected node: VPB
Cell sky130_fd_sc_hd__dfstp_1 (0) disconnected node: VPWR
Cell sky130_fd_sc_hd__dfstp_1 (0) disconnected node: Q

Subcircuit pins:
Circuit 1: sky130_fd_sc_hd__dfstp_1        |Circuit 2: sky130_fd_sc_hd__dfstp_1        
-------------------------------------------|-------------------------------------------
CLK                                        |CLK                                        
D                                          |D                                          
SET_B                                      |SET_B                                      
VGND                                       |VGND                                       
VNB                                        |VNB                                        
VPB                                        |VPB                                        
VPWR                                       |VPWR                                       
Q                                          |Q                                          
---------------------------------------------------------------------------------------
Cell pin lists are equivalent.
Device classes sky130_fd_sc_hd__dfstp_1 and sky130_fd_sc_hd__dfstp_1 are equivalent.

Cell sky130_fd_sc_hd__a21boi_2 (0) disconnected node: A1
Cell sky130_fd_sc_hd__a21boi_2 (0) disconnected node: A2
Cell sky130_fd_sc_hd__a21boi_2 (0) disconnected node: B1_N
Cell sky130_fd_sc_hd__a21boi_2 (0) disconnected node: VGND
Cell sky130_fd_sc_hd__a21boi_2 (0) disconnected node: VNB
Cell sky130_fd_sc_hd__a21boi_2 (0) disconnected node: VPB
Cell sky130_fd_sc_hd__a21boi_2 (0) disconnected node: VPWR
Cell sky130_fd_sc_hd__a21boi_2 (0) disconnected node: Y

Subcircuit pins:
Circuit 1: sky130_fd_sc_hd__a21boi_2       |Circuit 2: sky130_fd_sc_hd__a21boi_2       
-------------------------------------------|-------------------------------------------
A1                                         |A1                                         
A2                                         |A2                                         
B1_N                                       |B1_N                                       
VGND                                       |VGND                                       
VNB                                        |VNB                                        
VPB                                        |VPB                                        
VPWR                                       |VPWR                                       
Y                                          |Y                                          
---------------------------------------------------------------------------------------
Cell pin lists are equivalent.
Device classes sky130_fd_sc_hd__a21boi_2 and sky130_fd_sc_hd__a21boi_2 are equivalent.

Cell sky130_fd_sc_hd__o2111a_2 (0) disconnected node: A1
Cell sky130_fd_sc_hd__o2111a_2 (0) disconnected node: A2
Cell sky130_fd_sc_hd__o2111a_2 (0) disconnected node: B1
Cell sky130_fd_sc_hd__o2111a_2 (0) disconnected node: C1
Cell sky130_fd_sc_hd__o2111a_2 (0) disconnected node: D1
Cell sky130_fd_sc_hd__o2111a_2 (0) disconnected node: VGND
Cell sky130_fd_sc_hd__o2111a_2 (0) disconnected node: VNB
Cell sky130_fd_sc_hd__o2111a_2 (0) disconnected node: VPB
Cell sky130_fd_sc_hd__o2111a_2 (0) disconnected node: VPWR
Cell sky130_fd_sc_hd__o2111a_2 (0) disconnected node: X

Subcircuit pins:
Circuit 1: sky130_fd_sc_hd__o2111a_2       |Circuit 2: sky130_fd_sc_hd__o2111a_2       
-------------------------------------------|-------------------------------------------
A1                                         |A1                                         
A2                                         |A2                                         
B1                                         |B1                                         
C1                                         |C1                                         
D1                                         |D1                                         
VGND                                       |VGND                                       
VNB                                        |VNB                                        
VPB                                        |VPB                                        
VPWR                                       |VPWR                                       
X                                          |X                                          
---------------------------------------------------------------------------------------
Cell pin lists are equivalent.
Device classes sky130_fd_sc_hd__o2111a_2 and sky130_fd_sc_hd__o2111a_2 are equivalent.

Cell sky130_fd_sc_hd__a221o_4 (0) disconnected node: A1
Cell sky130_fd_sc_hd__a221o_4 (0) disconnected node: A2
Cell sky130_fd_sc_hd__a221o_4 (0) disconnected node: B1
Cell sky130_fd_sc_hd__a221o_4 (0) disconnected node: B2
Cell sky130_fd_sc_hd__a221o_4 (0) disconnected node: C1
Cell sky130_fd_sc_hd__a221o_4 (0) disconnected node: VGND
Cell sky130_fd_sc_hd__a221o_4 (0) disconnected node: VNB
Cell sky130_fd_sc_hd__a221o_4 (0) disconnected node: VPB
Cell sky130_fd_sc_hd__a221o_4 (0) disconnected node: VPWR
Cell sky130_fd_sc_hd__a221o_4 (0) disconnected node: X

Subcircuit pins:
Circuit 1: sky130_fd_sc_hd__a221o_4        |Circuit 2: sky130_fd_sc_hd__a221o_4        
-------------------------------------------|-------------------------------------------
A1                                         |A1                                         
A2                                         |A2                                         
B1                                         |B1                                         
B2                                         |B2                                         
C1                                         |C1                                         
VGND                                       |VGND                                       
VNB                                        |VNB                                        
VPB                                        |VPB                                        
VPWR                                       |VPWR                                       
X                                          |X                                          
---------------------------------------------------------------------------------------
Cell pin lists are equivalent.
Device classes sky130_fd_sc_hd__a221o_4 and sky130_fd_sc_hd__a221o_4 are equivalent.

Cell sky130_fd_sc_hd__nor3_4 (0) disconnected node: A
Cell sky130_fd_sc_hd__nor3_4 (0) disconnected node: B
Cell sky130_fd_sc_hd__nor3_4 (0) disconnected node: C
Cell sky130_fd_sc_hd__nor3_4 (0) disconnected node: VGND
Cell sky130_fd_sc_hd__nor3_4 (0) disconnected node: VNB
Cell sky130_fd_sc_hd__nor3_4 (0) disconnected node: VPB
Cell sky130_fd_sc_hd__nor3_4 (0) disconnected node: VPWR
Cell sky130_fd_sc_hd__nor3_4 (0) disconnected node: Y

Subcircuit pins:
Circuit 1: sky130_fd_sc_hd__nor3_4         |Circuit 2: sky130_fd_sc_hd__nor3_4         
-------------------------------------------|-------------------------------------------
A                                          |A                                          
B                                          |B                                          
C                                          |C                                          
VGND                                       |VGND                                       
VNB                                        |VNB                                        
VPB                                        |VPB                                        
VPWR                                       |VPWR                                       
Y                                          |Y                                          
---------------------------------------------------------------------------------------
Cell pin lists are equivalent.
Device classes sky130_fd_sc_hd__nor3_4 and sky130_fd_sc_hd__nor3_4 are equivalent.

Cell sky130_fd_sc_hd__a22o_2 (0) disconnected node: A1
Cell sky130_fd_sc_hd__a22o_2 (0) disconnected node: A2
Cell sky130_fd_sc_hd__a22o_2 (0) disconnected node: B1
Cell sky130_fd_sc_hd__a22o_2 (0) disconnected node: B2
Cell sky130_fd_sc_hd__a22o_2 (0) disconnected node: VGND
Cell sky130_fd_sc_hd__a22o_2 (0) disconnected node: VNB
Cell sky130_fd_sc_hd__a22o_2 (0) disconnected node: VPB
Cell sky130_fd_sc_hd__a22o_2 (0) disconnected node: VPWR
Cell sky130_fd_sc_hd__a22o_2 (0) disconnected node: X

Subcircuit pins:
Circuit 1: sky130_fd_sc_hd__a22o_2         |Circuit 2: sky130_fd_sc_hd__a22o_2         
-------------------------------------------|-------------------------------------------
A1                                         |A1                                         
A2                                         |A2                                         
B1                                         |B1                                         
B2                                         |B2                                         
VGND                                       |VGND                                       
VNB                                        |VNB                                        
VPB                                        |VPB                                        
VPWR                                       |VPWR                                       
X                                          |X                                          
---------------------------------------------------------------------------------------
Cell pin lists are equivalent.
Device classes sky130_fd_sc_hd__a22o_2 and sky130_fd_sc_hd__a22o_2 are equivalent.

Cell sky130_fd_sc_hd__o21bai_2 (0) disconnected node: A1
Cell sky130_fd_sc_hd__o21bai_2 (0) disconnected node: A2
Cell sky130_fd_sc_hd__o21bai_2 (0) disconnected node: B1_N
Cell sky130_fd_sc_hd__o21bai_2 (0) disconnected node: VGND
Cell sky130_fd_sc_hd__o21bai_2 (0) disconnected node: VNB
Cell sky130_fd_sc_hd__o21bai_2 (0) disconnected node: VPB
Cell sky130_fd_sc_hd__o21bai_2 (0) disconnected node: VPWR
Cell sky130_fd_sc_hd__o21bai_2 (0) disconnected node: Y

Subcircuit pins:
Circuit 1: sky130_fd_sc_hd__o21bai_2       |Circuit 2: sky130_fd_sc_hd__o21bai_2       
-------------------------------------------|-------------------------------------------
A1                                         |A1                                         
A2                                         |A2                                         
B1_N                                       |B1_N                                       
VGND                                       |VGND                                       
VNB                                        |VNB                                        
VPB                                        |VPB                                        
VPWR                                       |VPWR                                       
Y                                          |Y                                          
---------------------------------------------------------------------------------------
Cell pin lists are equivalent.
Device classes sky130_fd_sc_hd__o21bai_2 and sky130_fd_sc_hd__o21bai_2 are equivalent.

Cell accel_top (0) disconnected node: addr[12]
Cell accel_top (0) disconnected node: addr[13]
Cell accel_top (0) disconnected node: addr[14]
Cell accel_top (0) disconnected node: addr[15]
Cell accel_top (0) disconnected node: addr[16]
Cell accel_top (0) disconnected node: addr[17]
Cell accel_top (0) disconnected node: addr[18]
Cell accel_top (0) disconnected node: addr[19]
Cell accel_top (0) disconnected node: addr[20]
Cell accel_top (0) disconnected node: addr[21]
Cell accel_top (0) disconnected node: addr[22]
Cell accel_top (0) disconnected node: addr[23]
Cell accel_top (0) disconnected node: addr[24]
Cell accel_top (0) disconnected node: addr[25]
Cell accel_top (0) disconnected node: addr[26]
Cell accel_top (0) disconnected node: addr[27]
Cell accel_top (0) disconnected node: addr[28]
Cell accel_top (0) disconnected node: addr[29]
Cell accel_top (0) disconnected node: addr[30]
Cell accel_top (0) disconnected node: addr[31]
Cell accel_top (1) disconnected node: addr[31]
Cell accel_top (1) disconnected node: addr[30]
Cell accel_top (1) disconnected node: addr[29]
Cell accel_top (1) disconnected node: addr[28]
Cell accel_top (1) disconnected node: addr[27]
Cell accel_top (1) disconnected node: addr[26]
Cell accel_top (1) disconnected node: addr[25]
Cell accel_top (1) disconnected node: addr[24]
Cell accel_top (1) disconnected node: addr[23]
Cell accel_top (1) disconnected node: addr[22]
Cell accel_top (1) disconnected node: addr[21]
Cell accel_top (1) disconnected node: addr[20]
Cell accel_top (1) disconnected node: addr[19]
Cell accel_top (1) disconnected node: addr[18]
Cell accel_top (1) disconnected node: addr[17]
Cell accel_top (1) disconnected node: addr[16]
Cell accel_top (1) disconnected node: addr[15]
Cell accel_top (1) disconnected node: addr[14]
Cell accel_top (1) disconnected node: addr[13]
Cell accel_top (1) disconnected node: addr[12]
Class accel_top (0):  Merged 264092 parallel devices.
Class accel_top (1):  Merged 264092 parallel devices.
Cell accel_top (0) disconnected node: addr[12]
Cell accel_top (0) disconnected node: addr[13]
Cell accel_top (0) disconnected node: addr[14]
Cell accel_top (0) disconnected node: addr[15]
Cell accel_top (0) disconnected node: addr[16]
Cell accel_top (0) disconnected node: addr[17]
Cell accel_top (0) disconnected node: addr[18]
Cell accel_top (0) disconnected node: addr[19]
Cell accel_top (0) disconnected node: addr[20]
Cell accel_top (0) disconnected node: addr[21]
Cell accel_top (0) disconnected node: addr[22]
Cell accel_top (0) disconnected node: addr[23]
Cell accel_top (0) disconnected node: addr[24]
Cell accel_top (0) disconnected node: addr[25]
Cell accel_top (0) disconnected node: addr[26]
Cell accel_top (0) disconnected node: addr[27]
Cell accel_top (0) disconnected node: addr[28]
Cell accel_top (0) disconnected node: addr[29]
Cell accel_top (0) disconnected node: addr[30]
Cell accel_top (0) disconnected node: addr[31]
Cell accel_top (1) disconnected node: addr[31]
Cell accel_top (1) disconnected node: addr[30]
Cell accel_top (1) disconnected node: addr[29]
Cell accel_top (1) disconnected node: addr[28]
Cell accel_top (1) disconnected node: addr[27]
Cell accel_top (1) disconnected node: addr[26]
Cell accel_top (1) disconnected node: addr[25]
Cell accel_top (1) disconnected node: addr[24]
Cell accel_top (1) disconnected node: addr[23]
Cell accel_top (1) disconnected node: addr[22]
Cell accel_top (1) disconnected node: addr[21]
Cell accel_top (1) disconnected node: addr[20]
Cell accel_top (1) disconnected node: addr[19]
Cell accel_top (1) disconnected node: addr[18]
Cell accel_top (1) disconnected node: addr[17]
Cell accel_top (1) disconnected node: addr[16]
Cell accel_top (1) disconnected node: addr[15]
Cell accel_top (1) disconnected node: addr[14]
Cell accel_top (1) disconnected node: addr[13]
Cell accel_top (1) disconnected node: addr[12]
Subcircuit summary:
Circuit 1: accel_top                       |Circuit 2: accel_top                       
-------------------------------------------|-------------------------------------------
sky130_fd_sc_hd__tapvpwrvgnd_1 (59430->1)  |sky130_fd_sc_hd__tapvpwrvgnd_1 (59430->1)  
sky130_fd_sc_hd__fill_4 (33580->1)         |sky130_fd_sc_hd__fill_4 (33580->1)         
sky130_fd_sc_hd__fill_8 (75598->1)         |sky130_fd_sc_hd__fill_8 (75598->1)         
sky130_fd_sc_hd__fill_1 (48728->1)         |sky130_fd_sc_hd__fill_1 (48728->1)         
sky130_fd_sc_hd__xor2_2 (1786)             |sky130_fd_sc_hd__xor2_2 (1786)             
sky130_fd_sc_hd__buf_4 (3457)              |sky130_fd_sc_hd__buf_4 (3457)              
sky130_fd_sc_hd__buf_2 (5803)              |sky130_fd_sc_hd__buf_2 (5803)              
sky130_fd_sc_hd__fill_2 (46012->1)         |sky130_fd_sc_hd__fill_2 (46012->1)         
sky130_fd_sc_hd__nor2_2 (3726)             |sky130_fd_sc_hd__nor2_2 (3726)             
sky130_fd_sc_hd__a21oi_2 (4388)            |sky130_fd_sc_hd__a21oi_2 (4388)            
sky130_fd_sc_hd__buf_1 (3185)              |sky130_fd_sc_hd__buf_1 (3185)              
sky130_fd_sc_hd__o22a_2 (3110)             |sky130_fd_sc_hd__o22a_2 (3110)             
sky130_fd_sc_hd__o21a_2 (2046)             |sky130_fd_sc_hd__o21a_2 (2046)             
sky130_fd_sc_hd__and4_2 (143)              |sky130_fd_sc_hd__and4_2 (143)              
sky130_fd_sc_hd__inv_2 (10611)             |sky130_fd_sc_hd__inv_2 (10611)             
sky130_fd_sc_hd__o31a_2 (702)              |sky130_fd_sc_hd__o31a_2 (702)              
sky130_fd_sc_hd__o311a_2 (1420)            |sky130_fd_sc_hd__o311a_2 (1420)            
sky130_fd_sc_hd__and3_2 (1304)             |sky130_fd_sc_hd__and3_2 (1304)             
sky130_fd_sc_hd__dfrtp_1 (5393)            |sky130_fd_sc_hd__dfrtp_1 (5393)            
sky130_fd_sc_hd__fa_1 (357)                |sky130_fd_sc_hd__fa_1 (357)                
sky130_fd_sc_hd__mux2_1 (8648)             |sky130_fd_sc_hd__mux2_1 (8648)             
sky130_fd_sc_hd__a21o_2 (2069)             |sky130_fd_sc_hd__a21o_2 (2069)             
sky130_fd_sc_hd__or2_2 (1712)              |sky130_fd_sc_hd__or2_2 (1712)              
sky130_fd_sc_hd__a22oi_2 (277)             |sky130_fd_sc_hd__a22oi_2 (277)             
sky130_fd_sc_hd__and2_2 (4426)             |sky130_fd_sc_hd__and2_2 (4426)             
sky130_fd_sc_hd__mux4_1 (882)              |sky130_fd_sc_hd__mux4_1 (882)              
sky130_fd_sc_hd__xnor2_2 (6287)            |sky130_fd_sc_hd__xnor2_2 (6287)            
sky130_fd_sc_hd__mux2_4 (461)              |sky130_fd_sc_hd__mux2_4 (461)              
sky130_fd_sc_hd__o221a_4 (15)              |sky130_fd_sc_hd__o221a_4 (15)              
sky130_fd_sc_hd__buf_6 (140)               |sky130_fd_sc_hd__buf_6 (140)               
sky130_fd_sc_hd__buf_8 (392)               |sky130_fd_sc_hd__buf_8 (392)               
sky130_fd_sc_hd__mux2_2 (112)              |sky130_fd_sc_hd__mux2_2 (112)              
sky130_fd_sc_hd__diode_2 (1037->974)       |sky130_fd_sc_hd__diode_2 (1037->974)       
sky130_fd_sc_hd__buf_12 (630)              |sky130_fd_sc_hd__buf_12 (630)              
sky130_fd_sc_hd__dfxtp_1 (773)             |sky130_fd_sc_hd__dfxtp_1 (773)             
sky130_fd_sc_hd__clkbuf_8 (41)             |sky130_fd_sc_hd__clkbuf_8 (41)             
sky130_fd_sc_hd__xnor2_4 (557)             |sky130_fd_sc_hd__xnor2_4 (557)             
sky130_fd_sc_hd__clkbuf_16 (984)           |sky130_fd_sc_hd__clkbuf_16 (984)           
sky130_fd_sc_hd__o32a_2 (348)              |sky130_fd_sc_hd__o32a_2 (348)              
sky130_fd_sc_hd__and2_4 (165)              |sky130_fd_sc_hd__and2_4 (165)              
sky130_fd_sc_hd__mux2_8 (234)              |sky130_fd_sc_hd__mux2_8 (234)              
sky130_fd_sc_hd__nor2_8 (297)              |sky130_fd_sc_hd__nor2_8 (297)              
sky130_fd_sc_hd__and2b_4 (33)              |sky130_fd_sc_hd__and2b_4 (33)              
sky130_fd_sc_hd__o211a_4 (89)              |sky130_fd_sc_hd__o211a_4 (89)              
sky130_fd_sc_hd__o21ba_2 (265)             |sky130_fd_sc_hd__o21ba_2 (265)             
sky130_fd_sc_hd__a31oi_2 (1024)            |sky130_fd_sc_hd__a31oi_2 (1024)            
sky130_fd_sc_hd__nand2_2 (134)             |sky130_fd_sc_hd__nand2_2 (134)             
sky130_fd_sc_hd__and4b_2 (1)               |sky130_fd_sc_hd__and4b_2 (1)               
sky130_fd_sc_hd__nor4_4 (218)              |sky130_fd_sc_hd__nor4_4 (218)              
sky130_fd_sc_hd__fa_2 (101)                |sky130_fd_sc_hd__fa_2 (101)                
sky130_fd_sc_hd__dlygate4sd3_1 (1065)      |sky130_fd_sc_hd__dlygate4sd3_1 (1065)      
sky130_fd_sc_hd__inv_4 (115)               |sky130_fd_sc_hd__inv_4 (115)               
sky130_fd_sc_hd__dfxtp_2 (222)             |sky130_fd_sc_hd__dfxtp_2 (222)             
sky130_fd_sc_hd__o31a_4 (53)               |sky130_fd_sc_hd__o31a_4 (53)               
sky130_fd_sc_hd__o311a_4 (292)             |sky130_fd_sc_hd__o311a_4 (292)             
sky130_fd_sc_hd__o41ai_2 (249)             |sky130_fd_sc_hd__o41ai_2 (249)             
sky130_fd_sc_hd__o21a_4 (109)              |sky130_fd_sc_hd__o21a_4 (109)              
sky130_fd_sc_hd__decap_3 (687->1)          |sky130_fd_sc_hd__decap_3 (687->1)          
sky130_fd_sc_hd__xor2_4 (82)               |sky130_fd_sc_hd__xor2_4 (82)               
sky130_fd_sc_hd__inv_8 (73)                |sky130_fd_sc_hd__inv_8 (73)                
sky130_fd_sc_hd__a211o_2 (47)              |sky130_fd_sc_hd__a211o_2 (47)              
sky130_fd_sc_hd__nor3_2 (200)              |sky130_fd_sc_hd__nor3_2 (200)              
sky130_fd_sc_hd__o21ai_2 (319)             |sky130_fd_sc_hd__o21ai_2 (319)             
sky130_fd_sc_hd__dfrtp_4 (35)              |sky130_fd_sc_hd__dfrtp_4 (35)              
sky130_fd_sc_hd__and3_4 (33)               |sky130_fd_sc_hd__and3_4 (33)               
sky130_fd_sc_hd__inv_6 (78)                |sky130_fd_sc_hd__inv_6 (78)                
sky130_fd_sc_hd__nor4_2 (167)              |sky130_fd_sc_hd__nor4_2 (167)              
sky130_fd_sc_hd__o211a_2 (374)             |sky130_fd_sc_hd__o211a_2 (374)             
sky130_fd_sc_hd__o22a_4 (215)              |sky130_fd_sc_hd__o22a_4 (215)              
sky130_fd_sc_hd__o32a_4 (256)              |sky130_fd_sc_hd__o32a_4 (256)              
sky130_fd_sc_hd__a21oi_4 (210)             |sky130_fd_sc_hd__a21oi_4 (210)             
sky130_fd_sc_hd__o221a_2 (67)              |sky130_fd_sc_hd__o221a_2 (67)              
sky130_fd_sc_hd__o21ai_4 (10)              |sky130_fd_sc_hd__o21ai_4 (10)              
sky130_fd_sc_hd__inv_16 (38)               |sky130_fd_sc_hd__inv_16 (38)               
sky130_fd_sc_hd__a32o_2 (59)               |sky130_fd_sc_hd__a32o_2 (59)               
sky130_fd_sc_hd__o2bb2a_2 (117)            |sky130_fd_sc_hd__o2bb2a_2 (117)            
sky130_fd_sc_hd__mux4_2 (110)              |sky130_fd_sc_hd__mux4_2 (110)              
sky130_fd_sc_hd__or4b_2 (48)               |sky130_fd_sc_hd__or4b_2 (48)               
sky130_fd_sc_hd__dfrtp_2 (360)             |sky130_fd_sc_hd__dfrtp_2 (360)             
sky130_fd_sc_hd__dlygate4sd1_1 (20)        |sky130_fd_sc_hd__dlygate4sd1_1 (20)        
sky130_fd_sc_hd__o41a_4 (15)               |sky130_fd_sc_hd__o41a_4 (15)               
sky130_fd_sc_hd__a22oi_4 (23)              |sky130_fd_sc_hd__a22oi_4 (23)              
sky130_fd_sc_hd__a22o_4 (2)                |sky130_fd_sc_hd__a22o_4 (2)                
sky130_fd_sc_hd__nor2_4 (243)              |sky130_fd_sc_hd__nor2_4 (243)              
sky130_fd_sc_hd__o21ba_4 (4)               |sky130_fd_sc_hd__o21ba_4 (4)               
sky130_fd_sc_hd__inv_12 (48)               |sky130_fd_sc_hd__inv_12 (48)               
sky130_fd_sc_hd__and2_1 (13)               |sky130_fd_sc_hd__and2_1 (13)               
sky130_fd_sc_hd__and4_4 (64)               |sky130_fd_sc_hd__and4_4 (64)               
sky130_fd_sc_hd__dfxtp_4 (37)              |sky130_fd_sc_hd__dfxtp_4 (37)              
sky130_fd_sc_hd__o2bb2a_4 (11)             |sky130_fd_sc_hd__o2bb2a_4 (11)             
sky130_fd_sc_hd__or2_1 (20)                |sky130_fd_sc_hd__or2_1 (20)                
sky130_fd_sc_hd__a41o_2 (50)               |sky130_fd_sc_hd__a41o_2 (50)               
sky130_fd_sc_hd__a41o_4 (7)                |sky130_fd_sc_hd__a41o_4 (7)                
sky130_fd_sc_hd__o22ai_2 (2)               |sky130_fd_sc_hd__o22ai_2 (2)               
sky130_fd_sc_hd__clkinv_1 (20)             |sky130_fd_sc_hd__clkinv_1 (20)             
sky130_fd_sc_hd__dfstp_2 (1)               |sky130_fd_sc_hd__dfstp_2 (1)               
sky130_fd_sc_hd__a2111oi_2 (1)             |sky130_fd_sc_hd__a2111oi_2 (1)             
sky130_fd_sc_hd__clkbuf_2 (6)              |sky130_fd_sc_hd__clkbuf_2 (6)              
sky130_fd_sc_hd__nand2_4 (8)               |sky130_fd_sc_hd__nand2_4 (8)               
sky130_fd_sc_hd__dlxtp_1 (20)              |sky130_fd_sc_hd__dlxtp_1 (20)              
sky130_fd_sc_hd__or2_4 (16)                |sky130_fd_sc_hd__or2_4 (16)                
sky130_fd_sc_hd__nand3_2 (1)               |sky130_fd_sc_hd__nand3_2 (1)               
sky130_fd_sc_hd__a211oi_2 (3)              |sky130_fd_sc_hd__a211oi_2 (3)              
sky130_fd_sc_hd__a21o_4 (3)                |sky130_fd_sc_hd__a21o_4 (3)                
sky130_fd_sc_hd__a2111o_2 (2)              |sky130_fd_sc_hd__a2111o_2 (2)              
sky130_fd_sc_hd__a311oi_2 (1)              |sky130_fd_sc_hd__a311oi_2 (1)              
sky130_fd_sc_hd__or4b_4 (3)                |sky130_fd_sc_hd__or4b_4 (3)                
sky130_fd_sc_hd__and2b_2 (2)               |sky130_fd_sc_hd__and2b_2 (2)               
sky130_fd_sc_hd__and3b_2 (1)               |sky130_fd_sc_hd__and3b_2 (1)               
sky130_fd_sc_hd__nand2_8 (11)              |sky130_fd_sc_hd__nand2_8 (11)              
sky130_fd_sc_hd__and4bb_2 (1)              |sky130_fd_sc_hd__and4bb_2 (1)              
sky130_fd_sc_hd__or3_2 (1)                 |sky130_fd_sc_hd__or3_2 (1)                 
sky130_fd_sc_hd__o41ai_4 (7)               |sky130_fd_sc_hd__o41ai_4 (7)               
sky130_fd_sc_hd__clkbuf_1 (3)              |sky130_fd_sc_hd__clkbuf_1 (3)              
sky130_fd_sc_hd__a311o_2 (3)               |sky130_fd_sc_hd__a311o_2 (3)               
sky130_fd_sc_hd__a211o_4 (3)               |sky130_fd_sc_hd__a211o_4 (3)               
sky130_fd_sc_hd__or4bb_2 (1)               |sky130_fd_sc_hd__or4bb_2 (1)               
sky130_fd_sc_hd__a211oi_4 (1)              |sky130_fd_sc_hd__a211oi_4 (1)              
sky130_fd_sc_hd__dfstp_1 (2)               |sky130_fd_sc_hd__dfstp_1 (2)               
sky130_fd_sc_hd__a21boi_2 (1)              |sky130_fd_sc_hd__a21boi_2 (1)              
sky130_fd_sc_hd__o2111a_2 (1)              |sky130_fd_sc_hd__o2111a_2 (1)              
sky130_fd_sc_hd__a221o_4 (4)               |sky130_fd_sc_hd__a221o_4 (4)               
sky130_fd_sc_hd__nor3_4 (1)                |sky130_fd_sc_hd__nor3_4 (1)                
sky130_fd_sc_hd__a22o_2 (1)                |sky130_fd_sc_hd__a22o_2 (1)                
sky130_fd_sc_hd__o21bai_2 (1)              |sky130_fd_sc_hd__o21bai_2 (1)              
Number of devices: 85418                   |Number of devices: 85418                   
Number of nets: 85019                      |Number of nets: 85019                      
---------------------------------------------------------------------------------------
Netlists match uniquely.

Subcircuit pins:
Circuit 1: accel_top                       |Circuit 2: accel_top                       
-------------------------------------------|-------------------------------------------
addr[1]                                    |addr[1]                                    
addr[0]                                    |addr[0]                                    
addr[2]                                    |addr[2]                                    
addr[3]                                    |addr[3]                                    
addr[4]                                    |addr[4]                                    
addr[7]                                    |addr[7]                                    
addr[6]                                    |addr[6]                                    
addr[8]                                    |addr[8]                                    
addr[10]                                   |addr[10]                                   
addr[9]                                    |addr[9]                                    
addr[11]                                   |addr[11]                                   
wstrb[0]                                   |wstrb[0]                                   
wdata[6]                                   |wdata[6]                                   
wdata[5]                                   |wdata[5]                                   
scan_enable                                |scan_enable                                
rdata[11]                                  |rdata[11]                                  
rdata[13]                                  |rdata[13]                                  
rdata[8]                                   |rdata[8]                                   
rdata[3]                                   |rdata[3]                                   
rdata[2]                                   |rdata[2]                                   
rdata[1]                                   |rdata[1]                                   
rdata[0]                                   |rdata[0]                                   
rdata[17]                                  |rdata[17]                                  
rdata[16]                                  |rdata[16]                                  
rdata[15]                                  |rdata[15]                                  
rdata[18]                                  |rdata[18]                                  
scan_out_55                                |scan_out_55                                
irq                                        |irq                                        
scan_out_33                                |scan_out_33                                
scan_out_43                                |scan_out_43                                
scan_out_62                                |scan_out_62                                
scan_out_40                                |scan_out_40                                
scan_out_45                                |scan_out_45                                
rdata[10]                                  |rdata[10]                                  
rdata[23]                                  |rdata[23]                                  
rdata[24]                                  |rdata[24]                                  
rdata[28]                                  |rdata[28]                                  
rdata[27]                                  |rdata[27]                                  
rdata[31]                                  |rdata[31]                                  
rdata[30]                                  |rdata[30]                                  
scan_out_7                                 |scan_out_7                                 
scan_out_10                                |scan_out_10                                
scan_out_6                                 |scan_out_6                                 
scan_out_14                                |scan_out_14                                
scan_out_1                                 |scan_out_1                                 
scan_out_18                                |scan_out_18                                
scan_out_20                                |scan_out_20                                
scan_out_32                                |scan_out_32                                
scan_out_60                                |scan_out_60                                
scan_out_8                                 |scan_out_8                                 
scan_out_12                                |scan_out_12                                
scan_out_9                                 |scan_out_9                                 
scan_out_16                                |scan_out_16                                
ready                                      |ready                                      
scan_out_26                                |scan_out_26                                
scan_out_54                                |scan_out_54                                
scan_out_44                                |scan_out_44                                
scan_out_47                                |scan_out_47                                
scan_out_48                                |scan_out_48                                
scan_out_57                                |scan_out_57                                
scan_out_58                                |scan_out_58                                
scan_out_46                                |scan_out_46                                
rdata[4]                                   |rdata[4]                                   
scan_out_11                                |scan_out_11                                
scan_out_41                                |scan_out_41                                
scan_out_2                                 |scan_out_2                                 
scan_out_19                                |scan_out_19                                
scan_out_65                                |scan_out_65                                
scan_out_51                                |scan_out_51                                
scan_out_34                                |scan_out_34                                
scan_out_42                                |scan_out_42                                
scan_out_53                                |scan_out_53                                
scan_out_61                                |scan_out_61                                
scan_out_50                                |scan_out_50                                
scan_out_64                                |scan_out_64                                
scan_out_68                                |scan_out_68                                
scan_out_22                                |scan_out_22                                
scan_out_23                                |scan_out_23                                
scan_out_24                                |scan_out_24                                
scan_out_28                                |scan_out_28                                
scan_out_0                                 |scan_out_0                                 
scan_out_4                                 |scan_out_4                                 
scan_out_5                                 |scan_out_5                                 
scan_out_13                                |scan_out_13                                
scan_out_15                                |scan_out_15                                
scan_out_3                                 |scan_out_3                                 
scan_out_17                                |scan_out_17                                
scan_out_35                                |scan_out_35                                
scan_out_38                                |scan_out_38                                
scan_out_39                                |scan_out_39                                
scan_out_52                                |scan_out_52                                
scan_out_66                                |scan_out_66                                
scan_out_67                                |scan_out_67                                
scan_out_21                                |scan_out_21                                
scan_out_25                                |scan_out_25                                
scan_out_27                                |scan_out_27                                
scan_out_29                                |scan_out_29                                
scan_out_31                                |scan_out_31                                
scan_out_63                                |scan_out_63                                
scan_out_59                                |scan_out_59                                
scan_out_37                                |scan_out_37                                
scan_out_30                                |scan_out_30                                
scan_out_36                                |scan_out_36                                
scan_out_49                                |scan_out_49                                
scan_out_56                                |scan_out_56                                
rdata[5]                                   |rdata[5]                                   
rdata[6]                                   |rdata[6]                                   
rdata[7]                                   |rdata[7]                                   
rdata[9]                                   |rdata[9]                                   
rdata[12]                                  |rdata[12]                                  
rdata[14]                                  |rdata[14]                                  
rdata[19]                                  |rdata[19]                                  
rdata[20]                                  |rdata[20]                                  
rdata[21]                                  |rdata[21]                                  
rdata[22]                                  |rdata[22]                                  
rdata[25]                                  |rdata[25]                                  
rdata[26]                                  |rdata[26]                                  
rdata[29]                                  |rdata[29]                                  
addr[5]                                    |addr[5]                                    
wdata[28]                                  |wdata[28]                                  
wdata[27]                                  |wdata[27]                                  
wdata[29]                                  |wdata[29]                                  
scan_in_22                                 |scan_in_22                                 
req                                        |req                                        
rst_n                                      |rst_n                                      
scan_in_26                                 |scan_in_26                                 
scan_in_41                                 |scan_in_41                                 
scan_in_35                                 |scan_in_35                                 
scan_in_34                                 |scan_in_34                                 
scan_in_64                                 |scan_in_64                                 
scan_in_2                                  |scan_in_2                                  
scan_in_1                                  |scan_in_1                                  
scan_in_5                                  |scan_in_5                                  
scan_in_16                                 |scan_in_16                                 
scan_in_18                                 |scan_in_18                                 
scan_in_32                                 |scan_in_32                                 
scan_in_38                                 |scan_in_38                                 
scan_in_43                                 |scan_in_43                                 
scan_in_54                                 |scan_in_54                                 
scan_in_62                                 |scan_in_62                                 
scan_in_36                                 |scan_in_36                                 
scan_in_68                                 |scan_in_68                                 
scan_in_3                                  |scan_in_3                                  
scan_in_20                                 |scan_in_20                                 
scan_in_24                                 |scan_in_24                                 
scan_in_23                                 |scan_in_23                                 
scan_in_25                                 |scan_in_25                                 
scan_in_29                                 |scan_in_29                                 
scan_in_30                                 |scan_in_30                                 
scan_in_39                                 |scan_in_39                                 
scan_in_40                                 |scan_in_40                                 
scan_in_42                                 |scan_in_42                                 
scan_in_51                                 |scan_in_51                                 
scan_in_52                                 |scan_in_52                                 
scan_in_53                                 |scan_in_53                                 
scan_in_65                                 |scan_in_65                                 
scan_in_66                                 |scan_in_66                                 
scan_in_67                                 |scan_in_67                                 
scan_in_0                                  |scan_in_0                                  
scan_in_4                                  |scan_in_4                                  
scan_in_6                                  |scan_in_6                                  
scan_in_7                                  |scan_in_7                                  
scan_in_8                                  |scan_in_8                                  
scan_in_11                                 |scan_in_11                                 
scan_in_14                                 |scan_in_14                                 
scan_in_19                                 |scan_in_19                                 
scan_in_15                                 |scan_in_15                                 
scan_in_21                                 |scan_in_21                                 
scan_in_27                                 |scan_in_27                                 
scan_in_28                                 |scan_in_28                                 
scan_in_31                                 |scan_in_31                                 
scan_in_33                                 |scan_in_33                                 
scan_in_37                                 |scan_in_37                                 
scan_in_44                                 |scan_in_44                                 
scan_in_55                                 |scan_in_55                                 
scan_in_56                                 |scan_in_56                                 
scan_in_60                                 |scan_in_60                                 
scan_in_61                                 |scan_in_61                                 
scan_in_63                                 |scan_in_63                                 
scan_in_9                                  |scan_in_9                                  
scan_in_13                                 |scan_in_13                                 
scan_in_12                                 |scan_in_12                                 
scan_in_17                                 |scan_in_17                                 
scan_in_10                                 |scan_in_10                                 
scan_in_45                                 |scan_in_45                                 
scan_in_47                                 |scan_in_47                                 
scan_in_49                                 |scan_in_49                                 
scan_in_50                                 |scan_in_50                                 
scan_in_46                                 |scan_in_46                                 
scan_in_48                                 |scan_in_48                                 
scan_in_57                                 |scan_in_57                                 
scan_in_58                                 |scan_in_58                                 
scan_in_59                                 |scan_in_59                                 
wdata[30]                                  |wdata[30]                                  
wdata[31]                                  |wdata[31]                                  
wdata[7]                                   |wdata[7]                                   
wdata[8]                                   |wdata[8]                                   
wdata[4]                                   |wdata[4]                                   
wdata[3]                                   |wdata[3]                                   
wdata[2]                                   |wdata[2]                                   
wdata[0]                                   |wdata[0]                                   
wdata[10]                                  |wdata[10]                                  
wdata[16]                                  |wdata[16]                                  
wdata[15]                                  |wdata[15]                                  
wdata[14]                                  |wdata[14]                                  
wdata[13]                                  |wdata[13]                                  
wdata[12]                                  |wdata[12]                                  
wdata[11]                                  |wdata[11]                                  
wdata[18]                                  |wdata[18]                                  
wdata[9]                                   |wdata[9]                                   
wdata[21]                                  |wdata[21]                                  
wdata[22]                                  |wdata[22]                                  
wdata[17]                                  |wdata[17]                                  
wdata[23]                                  |wdata[23]                                  
wdata[20]                                  |wdata[20]                                  
wdata[19]                                  |wdata[19]                                  
wdata[24]                                  |wdata[24]                                  
wdata[26]                                  |wdata[26]                                  
wdata[25]                                  |wdata[25]                                  
wstrb[1]                                   |wstrb[1]                                   
wstrb[2]                                   |wstrb[2]                                   
wdata[1]                                   |wdata[1]                                   
wstrb[3]                                   |wstrb[3]                                   
clk                                        |clk                                        
VGND                                       |VGND                                       
VPWR                                       |VPWR                                       
addr[12]                                   |addr[12]                                   
addr[13]                                   |addr[13]                                   
addr[14]                                   |addr[14]                                   
addr[15]                                   |addr[15]                                   
addr[16]                                   |addr[16]                                   
addr[17]                                   |addr[17]                                   
addr[18]                                   |addr[18]                                   
addr[19]                                   |addr[19]                                   
addr[20]                                   |addr[20]                                   
addr[21]                                   |addr[21]                                   
addr[22]                                   |addr[22]                                   
addr[23]                                   |addr[23]                                   
addr[24]                                   |addr[24]                                   
addr[25]                                   |addr[25]                                   
addr[26]                                   |addr[26]                                   
addr[27]                                   |addr[27]                                   
addr[28]                                   |addr[28]                                   
addr[29]                                   |addr[29]                                   
addr[30]                                   |addr[30]                                   
addr[31]                                   |addr[31]                                   
---------------------------------------------------------------------------------------
Cell pin lists are equivalent.
Device classes accel_top and accel_top are equivalent.

Final result: Circuits match uniquely.
.
